id,phase,stimulus,correct_key,response,reaction_time,with_noise,age,gender,normaliced_rt
001_Categorization_Task_2025-06-23-21-12-20,testing,square,z,TRUE,0.3903740999521688,TRUE,NA,NA,-0.9406497689795829
001_Categorization_Task_2025-06-23-21-12-20,testing,circle,m,TRUE,0.3419532000552863,FALSE,NA,NA,-1.0730813932268521
001_Categorization_Task_2025-06-23-21-12-20,testing,square,z,TRUE,0.34195330005604774,FALSE,NA,NA,-1.0730811007869896
001_Categorization_Task_2025-06-23-21-12-20,testing,square,z,TRUE,0.3205326999304816,FALSE,NA,NA,-1.1377709799616837
001_Categorization_Task_2025-06-23-21-12-20,testing,circle,m,TRUE,0.32034579990431666,TRUE,NA,NA,-1.138354241941955
001_Categorization_Task_2025-06-23-21-12-20,testing,circle,m,TRUE,0.3483627000823617,FALSE,NA,NA,-1.0545111003483842
001_Categorization_Task_2025-06-23-21-12-20,testing,circle,m,TRUE,0.3018423999892548,TRUE,NA,NA,-1.1978502521608507
001_Categorization_Task_2025-06-23-21-12-20,testing,circle,m,TRUE,0.35705450002569705,FALSE,NA,NA,-1.0298668477176172
001_Categorization_Task_2025-06-23-21-12-20,testing,circle,m,TRUE,0.2865178999491036,TRUE,NA,NA,-1.2499542667716699
001_Categorization_Task_2025-06-23-21-12-20,testing,square,z,FALSE,0.3616846000077203,TRUE,NA,NA,-1.0169827176301933
001_Categorization_Task_2025-06-23-21-12-20,testing,circle,m,TRUE,0.29827329993713647,FALSE,NA,NA,-1.2097450988857108
001_Categorization_Task_2025-06-23-21-12-20,testing,circle,m,TRUE,0.46456200000829995,TRUE,NA,NA,-0.7666602527607854
001_Categorization_Task_2025-06-23-21-12-20,testing,circle,m,TRUE,0.2982712999219075,FALSE,NA,NA,-1.2097518042191575
001_Categorization_Task_2025-06-23-21-12-20,testing,circle,m,TRUE,0.3017835000064224,FALSE,NA,NA,-1.1980454060898644
001_Categorization_Task_2025-06-23-21-12-20,testing,square,z,FALSE,0.2940960000269115,TRUE,NA,NA,-1.2238490342392228
001_Categorization_Task_2025-06-23-21-12-20,testing,square,z,TRUE,0.36185709992423654,TRUE,NA,NA,-1.0165058966817926
001_Categorization_Task_2025-06-23-21-12-20,testing,circle,m,TRUE,0.32835339999292046,TRUE,NA,NA,-1.1136648116160022
001_Categorization_Task_2025-06-23-21-12-20,testing,square,z,TRUE,0.3603932000696659,FALSE,NA,NA,-1.0205596211571788
001_Categorization_Task_2025-06-23-21-12-20,testing,circle,m,FALSE,0.3626906999852508,TRUE,NA,NA,-1.0142048740883243
001_Categorization_Task_2025-06-23-21-12-20,testing,square,z,TRUE,0.3310922000091523,TRUE,NA,NA,-1.1053583925162953
001_Categorization_Task_2025-06-23-21-12-20,testing,square,z,TRUE,0.35346749995369464,FALSE,NA,NA,-1.0399637357682532
001_Categorization_Task_2025-06-23-21-12-20,testing,square,z,FALSE,0.3260615000035614,FALSE,NA,NA,-1.12066926508999
001_Categorization_Task_2025-06-23-21-12-20,testing,circle,m,TRUE,0.3113762999419123,TRUE,NA,NA,-1.166753130564951
001_Categorization_Task_2025-06-23-21-12-20,testing,square,z,TRUE,0.38126549997832626,FALSE,NA,NA,-0.9642592962060798
001_Categorization_Task_2025-06-23-21-12-20,testing,circle,m,TRUE,0.3089501999784261,FALSE,NA,NA,-1.174575180191247
001_Categorization_Task_2025-06-23-21-12-20,testing,square,z,TRUE,0.34661260002758354,FALSE,NA,NA,-1.059547549136975
001_Categorization_Task_2025-06-23-21-12-20,testing,square,z,TRUE,0.2781781000085175,TRUE,NA,NA,-1.27949372290586
001_Categorization_Task_2025-06-23-21-12-20,testing,square,z,TRUE,0.36096309998538345,FALSE,NA,NA,-1.0189795419806496
001_Categorization_Task_2025-06-23-21-12-20,testing,square,z,TRUE,0.28049350006040186,FALSE,NA,NA,-1.2712047269780664
001_Categorization_Task_2025-06-23-21-12-20,testing,circle,m,TRUE,0.24899919994641095,TRUE,NA,NA,-1.390305595589214
001_Categorization_Task_2025-06-23-21-12-20,testing,square,z,TRUE,0.2959580000024289,FALSE,NA,NA,-1.2175377266093685
001_Categorization_Task_2025-06-23-21-12-20,testing,square,z,TRUE,0.28025670000351965,FALSE,NA,NA,-1.2720493100773909
001_Categorization_Task_2025-06-23-21-12-20,testing,circle,m,TRUE,0.2726766000268981,TRUE,NA,NA,-1.2994688012945745
001_Categorization_Task_2025-06-23-21-12-20,testing,square,z,FALSE,0.33651900000404567,FALSE,NA,NA,-1.0891006678835018
001_Categorization_Task_2025-06-23-21-12-20,testing,circle,m,TRUE,0.3192516000708565,FALSE,NA,NA,-1.141775772113821
001_Categorization_Task_2025-06-23-21-12-20,testing,square,z,TRUE,0.29613010003231466,FALSE,NA,NA,-1.2169563940856363
001_Categorization_Task_2025-06-23-21-12-20,testing,circle,m,TRUE,0.37698489998001605,FALSE,NA,NA,-0.975550145439679
001_Categorization_Task_2025-06-23-21-12-20,testing,circle,m,TRUE,0.31729459995403886,FALSE,NA,NA,-1.1479245992770484
001_Categorization_Task_2025-06-23-21-12-20,testing,circle,m,TRUE,0.37477529991883785,TRUE,NA,NA,-0.9814286328203531
001_Categorization_Task_2025-06-23-21-12-20,testing,circle,m,TRUE,0.4125203998992219,TRUE,NA,NA,-0.885469620129081
001_Categorization_Task_2025-06-23-21-12-20,testing,circle,m,TRUE,0.41814299998804927,FALSE,NA,NA,-0.871931799727466
001_Categorization_Task_2025-06-23-21-12-20,testing,circle,m,TRUE,0.34675020002759993,TRUE,NA,NA,-1.0591506429233395
001_Categorization_Task_2025-06-23-21-12-20,testing,circle,m,TRUE,0.406675299978815,FALSE,NA,NA,-0.8997402006921837
001_Categorization_Task_2025-06-23-21-12-20,testing,square,z,FALSE,0.2787308000260964,FALSE,NA,NA,-1.2775088374102115
001_Categorization_Task_2025-06-23-21-12-20,testing,square,z,TRUE,0.4046771000139415,TRUE,NA,NA,-0.9046658137916486
001_Categorization_Task_2025-06-23-21-12-20,testing,square,z,TRUE,0.4995019999332726,FALSE,NA,NA,-0.6941436770311287
001_Categorization_Task_2025-06-23-21-12-20,testing,circle,m,TRUE,0.3087914999341592,FALSE,NA,NA,-1.1750889873303172
001_Categorization_Task_2025-06-23-21-12-20,testing,circle,m,TRUE,0.3982231999980286,FALSE,NA,NA,-0.9207426268743574
001_Categorization_Task_2025-06-23-21-12-20,testing,square,z,TRUE,0.3359147999435663,TRUE,NA,NA,-1.0908977227701746
001_Categorization_Task_2025-06-23-21-12-20,testing,circle,m,TRUE,0.36249129998032,FALSE,NA,NA,-1.0147548050297033
001_Categorization_Task_2025-06-23-21-12-20,testing,circle,m,TRUE,0.2820383000653237,TRUE,NA,NA,-1.2657124014316776
001_Categorization_Task_2025-06-23-21-12-20,testing,circle,m,TRUE,0.32523900002706796,TRUE,NA,NA,-1.1231949822165666
001_Categorization_Task_2025-06-23-21-12-20,testing,circle,m,TRUE,0.2918063000543043,FALSE,NA,NA,-1.231665052810192
001_Categorization_Task_2025-06-23-21-12-20,testing,circle,m,TRUE,0.301222899928689,TRUE,NA,NA,-1.1999047569667438
001_Categorization_Task_2025-06-23-21-12-20,testing,square,z,TRUE,0.4330248999176547,FALSE,NA,NA,-0.8369600470495318
001_Categorization_Task_2025-06-23-21-12-20,testing,square,z,TRUE,0.42676750000100583,TRUE,NA,NA,-0.8515159105303194
001_Categorization_Task_2025-06-23-21-12-20,testing,circle,m,TRUE,0.2717675999738276,FALSE,NA,NA,-1.3028079897649276
001_Categorization_Task_2025-06-23-21-12-20,testing,circle,m,TRUE,0.32302120001986623,FALSE,NA,NA,-1.1300373231769176
001_Categorization_Task_2025-06-23-21-12-20,testing,square,z,TRUE,0.32810130005236715,FALSE,NA,NA,-1.1144328766566796
001_Categorization_Task_2025-06-23-21-12-20,testing,circle,m,TRUE,0.28143059997819364,FALSE,NA,NA,-1.267869398287051
001_Categorization_Task_2025-06-23-21-12-20,testing,square,z,TRUE,0.46071639994625,TRUE,NA,NA,-0.7749726097874868
001_Categorization_Task_2025-06-23-21-12-20,testing,circle,m,TRUE,0.25702040002215654,FALSE,NA,NA,-1.358599819719027
001_Categorization_Task_2025-06-23-21-12-20,testing,square,z,TRUE,0.33219389989972115,FALSE,NA,NA,-1.1020364447056723
001_Categorization_Task_2025-06-23-21-12-20,testing,circle,m,TRUE,0.30144429998472333,FALSE,NA,NA,-1.1991700228845634
001_Categorization_Task_2025-06-23-21-12-20,testing,circle,m,TRUE,0.3428371000336483,FALSE,NA,NA,-1.070499871645355
001_Categorization_Task_2025-06-23-21-12-20,testing,square,z,TRUE,0.3481015000725165,FALSE,NA,NA,-1.0552611748591294
001_Categorization_Task_2025-06-23-21-12-20,testing,square,z,TRUE,0.342057199915871,TRUE,NA,NA,-1.07277730468846
001_Categorization_Task_2025-06-23-21-12-20,testing,circle,m,TRUE,0.39771839999593794,FALSE,NA,NA,-0.9220110618192746
001_Categorization_Task_2025-06-23-21-12-20,testing,square,z,TRUE,0.2723254000302404,FALSE,NA,NA,-1.3007576040704658
001_Categorization_Task_2025-06-23-21-12-20,testing,circle,m,TRUE,0.25311430008150637,TRUE,NA,NA,-1.373914113297727
001_Categorization_Task_2025-06-23-21-12-20,testing,circle,m,TRUE,0.3875433999346569,TRUE,NA,NA,-0.9479274366288756
001_Categorization_Task_2025-06-23-21-12-20,testing,square,z,TRUE,0.36180850001983345,FALSE,NA,NA,-1.0166402125991993
001_Categorization_Task_2025-06-23-21-12-20,testing,square,z,FALSE,0.4164141000946984,TRUE,NA,NA,-0.8760750809157328
001_Categorization_Task_2025-06-23-21-12-20,testing,square,z,TRUE,0.33740259998012334,TRUE,NA,NA,-1.086478402971912
001_Categorization_Task_2025-06-23-21-12-20,testing,square,z,TRUE,0.3671112000010907,TRUE,NA,NA,-1.0020904795437955
001_Categorization_Task_2025-06-23-21-12-20,testing,square,z,TRUE,0.3424276999430731,TRUE,NA,NA,-1.0716947386202755
001_Categorization_Task_2025-06-23-21-12-20,testing,square,z,TRUE,0.34412290004547685,TRUE,NA,NA,-1.0667564178395412
001_Categorization_Task_2025-06-23-21-12-20,testing,square,z,TRUE,0.35354249994270504,TRUE,NA,NA,-1.0397515747258275
001_Categorization_Task_2025-06-23-21-12-20,testing,square,z,TRUE,0.36795350001193583,FALSE,NA,NA,-0.9997987074603524
002_Categorization_Task_2025-06-23-21-20-04,testing,circle,m,TRUE,0.3819197000702843,FALSE,NA,NA,-0.9625449017127143
002_Categorization_Task_2025-06-23-21-20-04,testing,square,z,TRUE,0.4259904000209645,FALSE,NA,NA,-0.8533384681287424
002_Categorization_Task_2025-06-23-21-20-04,testing,circle,m,TRUE,0.38041150011122227,FALSE,NA,NA,-0.9665017171400495
002_Categorization_Task_2025-06-23-21-20-04,testing,square,z,TRUE,0.46535259997472167,FALSE,NA,NA,-0.7649598812279109
002_Categorization_Task_2025-06-23-21-20-04,testing,circle,m,TRUE,0.38847709994297475,FALSE,NA,NA,-0.945521055717476
002_Categorization_Task_2025-06-23-21-20-04,testing,square,z,TRUE,0.3563946000067517,FALSE,NA,NA,-1.031716734996475
002_Categorization_Task_2025-06-23-21-20-04,testing,circle,m,TRUE,0.348504800000228,TRUE,NA,NA,-1.0541032755615518
002_Categorization_Task_2025-06-23-21-20-04,testing,square,z,TRUE,0.3035520000848919,FALSE,NA,NA,-1.1922023484473587
002_Categorization_Task_2025-06-23-21-20-04,testing,square,z,TRUE,0.38729179999791086,TRUE,NA,NA,-0.9485768649088783
002_Categorization_Task_2025-06-23-21-20-04,testing,circle,m,TRUE,0.4626915999688208,TRUE,NA,NA,-0.7706945376130102
002_Categorization_Task_2025-06-23-21-20-04,testing,circle,m,TRUE,0.3742925999686122,TRUE,NA,NA,-0.9827174345888237
002_Categorization_Task_2025-06-23-21-20-04,testing,square,z,TRUE,0.39107820007484406,FALSE,NA,NA,-0.9388477388027262
002_Categorization_Task_2025-06-23-21-20-04,testing,square,z,TRUE,0.4974640998989344,TRUE,NA,NA,-0.6982318859943873
002_Categorization_Task_2025-06-23-21-20-04,testing,circle,m,TRUE,0.37227410008199513,TRUE,NA,NA,-0.9881248678561941
002_Categorization_Task_2025-06-23-21-20-04,testing,circle,m,TRUE,0.4678352000191808,FALSE,NA,NA,-0.7596391817903331
002_Categorization_Task_2025-06-23-21-20-04,testing,square,z,TRUE,0.3412328000413254,TRUE,NA,NA,-1.0751903365625348
002_Categorization_Task_2025-06-23-21-20-04,testing,square,z,TRUE,0.3612977999728173,TRUE,NA,NA,-1.0180527300449302
002_Categorization_Task_2025-06-23-21-20-04,testing,square,z,TRUE,0.45128809998277575,TRUE,NA,NA,-0.7956493408044412
002_Categorization_Task_2025-06-23-21-20-04,testing,square,z,TRUE,0.4022221000632271,FALSE,NA,NA,-0.9107508552087946
002_Categorization_Task_2025-06-23-21-20-04,testing,square,z,TRUE,0.4658065000548959,FALSE,NA,NA,-0.7639849670245039
002_Categorization_Task_2025-06-23-21-20-04,testing,circle,m,TRUE,0.34698120004031807,TRUE,NA,NA,-1.0584846790611502
002_Categorization_Task_2025-06-23-21-20-04,testing,circle,m,TRUE,0.3809714999515563,TRUE,NA,NA,-0.9650307099300958
002_Categorization_Task_2025-06-23-21-20-04,testing,circle,m,TRUE,0.3379700999939814,FALSE,NA,NA,-1.0847978489683405
002_Categorization_Task_2025-06-23-21-20-04,testing,circle,m,TRUE,0.446942999958992,FALSE,NA,NA,-0.8053242093697995
002_Categorization_Task_2025-06-23-21-20-04,testing,circle,m,TRUE,0.4275922999950126,FALSE,NA,NA,-0.8495851074886771
002_Categorization_Task_2025-06-23-21-20-04,testing,circle,m,TRUE,0.34861810004804283,FALSE,NA,NA,-1.0537782251326975
002_Categorization_Task_2025-06-23-21-20-04,testing,circle,m,TRUE,0.32396140007767826,FALSE,NA,NA,-1.1271309058497339
002_Categorization_Task_2025-06-23-21-20-04,testing,circle,m,TRUE,0.32352500001434237,FALSE,NA,NA,-1.1284788882300718
002_Categorization_Task_2025-06-23-21-20-04,testing,square,z,TRUE,0.3674237000523135,FALSE,NA,NA,-1.0012396007903037
002_Categorization_Task_2025-06-23-21-20-04,testing,circle,m,TRUE,0.32719770004041493,TRUE,NA,NA,-1.1171907034945858
002_Categorization_Task_2025-06-23-21-20-04,testing,square,z,TRUE,0.36328009993303567,FALSE,NA,NA,-1.0125811171070473
002_Categorization_Task_2025-06-23-21-20-04,testing,circle,m,TRUE,0.362735400092788,FALSE,NA,NA,-1.014081635876771
002_Categorization_Task_2025-06-23-21-20-04,testing,circle,m,TRUE,0.3659671000204981,FALSE,NA,NA,-1.0052118402755545
002_Categorization_Task_2025-06-23-21-20-04,testing,square,z,TRUE,0.34698340005706996,FALSE,NA,NA,-1.058478338631821
002_Categorization_Task_2025-06-23-21-20-04,testing,circle,m,TRUE,0.3553623999468982,TRUE,NA,NA,-1.0346171652937128
002_Categorization_Task_2025-06-23-21-20-04,testing,circle,m,TRUE,0.447181599913165,FALSE,NA,NA,-0.8047905030835153
002_Categorization_Task_2025-06-23-21-20-04,testing,square,z,TRUE,0.4814212999772281,TRUE,NA,NA,-0.7310125087099755
002_Categorization_Task_2025-06-23-21-20-04,testing,square,z,TRUE,0.48317580006551,TRUE,NA,NA,-0.7273747162615911
002_Categorization_Task_2025-06-23-21-20-04,testing,circle,m,TRUE,0.44553659996017814,FALSE,NA,NA,-0.8084758806530252
002_Categorization_Task_2025-06-23-21-20-04,testing,square,z,TRUE,0.3848551000701263,TRUE,NA,NA,-0.9548883789910706
002_Categorization_Task_2025-06-23-21-20-04,testing,circle,m,TRUE,0.3050730999093503,TRUE,NA,NA,-1.1872038592574958
002_Categorization_Task_2025-06-23-21-20-04,testing,circle,m,TRUE,0.54181810002774,FALSE,NA,NA,-0.612824942676637
002_Categorization_Task_2025-06-23-21-20-04,testing,square,z,TRUE,0.28240310004912317,TRUE,NA,NA,-1.2644197959122432
002_Categorization_Task_2025-06-23-21-20-04,testing,circle,m,TRUE,0.4001250999281183,FALSE,NA,NA,-0.9159780309498898
002_Categorization_Task_2025-06-23-21-20-04,testing,circle,m,TRUE,0.3826573999831453,TRUE,NA,NA,-0.9606152071358688
002_Categorization_Task_2025-06-23-21-20-04,testing,square,z,FALSE,0.3322614999487996,TRUE,NA,NA,-1.101832969651283
002_Categorization_Task_2025-06-23-21-20-04,testing,circle,m,TRUE,0.48704750009346753,FALSE,NA,NA,-0.7193936245296693
002_Categorization_Task_2025-06-23-21-20-04,testing,circle,m,TRUE,0.41586399998050183,TRUE,NA,NA,-0.8773969952956818
002_Categorization_Task_2025-06-23-21-20-04,testing,square,z,TRUE,0.3779516000067815,FALSE,NA,NA,-0.9729891338707676
002_Categorization_Task_2025-06-23-21-20-04,testing,square,z,TRUE,0.36333530000410974,FALSE,NA,NA,-1.012429179586359
002_Categorization_Task_2025-06-23-21-20-04,testing,square,z,TRUE,0.4752802000148222,TRUE,NA,NA,-0.743850754098975
002_Categorization_Task_2025-06-23-21-20-04,testing,square,z,TRUE,0.610824599978514,FALSE,NA,NA,-0.4929454314347372
002_Categorization_Task_2025-06-23-21-20-04,testing,square,z,TRUE,0.38635919999796897,TRUE,NA,NA,-0.9509877722861658
002_Categorization_Task_2025-06-23-21-20-04,testing,circle,m,TRUE,0.4276887000305578,FALSE,NA,NA,-0.8493596844149724
002_Categorization_Task_2025-06-23-21-20-04,testing,circle,m,TRUE,0.40509590005967766,TRUE,NA,NA,-0.9036314496351803
002_Categorization_Task_2025-06-23-21-20-04,testing,square,z,TRUE,0.48619909991975874,FALSE,NA,NA,-0.7211370683569516
002_Categorization_Task_2025-06-23-21-20-04,testing,square,z,TRUE,0.26050949993077666,TRUE,NA,NA,-1.3451159503892574
002_Categorization_Task_2025-06-23-21-20-04,testing,circle,m,TRUE,0.451905700028874,TRUE,NA,NA,-0.7942817491705112
002_Categorization_Task_2025-06-23-21-20-04,testing,square,z,TRUE,0.43169370002578944,FALSE,NA,NA,-0.8400389699351367
002_Categorization_Task_2025-06-23-21-20-04,testing,circle,m,TRUE,0.321339700021781,TRUE,NA,NA,-1.1352564598901913
002_Categorization_Task_2025-06-23-21-20-04,testing,circle,m,TRUE,0.5353576999623328,TRUE,NA,NA,-0.6248201574378021
002_Categorization_Task_2025-06-23-21-20-04,testing,circle,m,TRUE,0.3760063000954688,TRUE,NA,NA,-0.9781493801595602
002_Categorization_Task_2025-06-23-21-20-04,testing,circle,m,TRUE,0.3993452000431717,TRUE,NA,NA,-0.9179290731146071
002_Categorization_Task_2025-06-23-21-20-04,testing,square,z,TRUE,0.3726642000256106,FALSE,NA,NA,-0.9870775328508176
002_Categorization_Task_2025-06-23-21-20-04,testing,square,z,TRUE,0.3928075999720022,FALSE,NA,NA,-0.9344353544914386
002_Categorization_Task_2025-06-23-21-20-04,testing,square,z,TRUE,0.32264619995839894,TRUE,NA,NA,-1.1311989122664248
002_Categorization_Task_2025-06-23-21-20-04,testing,circle,m,FALSE,0.4136199000058696,TRUE,NA,NA,-0.8828078428112514
002_Categorization_Task_2025-06-23-21-20-04,testing,circle,m,TRUE,0.3840354999992997,FALSE,NA,NA,-0.9570202827526123
002_Categorization_Task_2025-06-23-21-20-04,testing,circle,m,TRUE,0.4039345000637695,FALSE,NA,NA,-0.9065025427202679
002_Categorization_Task_2025-06-23-21-20-04,testing,square,z,TRUE,0.28305579989682883,FALSE,NA,NA,-1.2621112279945834
002_Categorization_Task_2025-06-23-21-20-04,testing,square,z,TRUE,0.5045729000121355,TRUE,NA,NA,-0.6840429500990103
002_Categorization_Task_2025-06-23-21-20-04,testing,square,z,TRUE,0.405413500033319,TRUE,NA,NA,-0.9028477449924938
002_Categorization_Task_2025-06-23-21-20-04,testing,square,z,TRUE,0.3384927000151947,FALSE,NA,NA,-1.0832527525486286
002_Categorization_Task_2025-06-23-21-20-04,testing,circle,m,FALSE,0.32940000004600734,FALSE,NA,NA,-1.110482461098927
002_Categorization_Task_2025-06-23-21-20-04,testing,circle,m,TRUE,0.408750900067389,TRUE,NA,NA,-0.8946493547733698
002_Categorization_Task_2025-06-23-21-20-04,testing,square,z,TRUE,0.41829050006344914,FALSE,NA,NA,-0.8715791116131815
002_Categorization_Task_2025-06-23-21-20-04,testing,circle,m,TRUE,0.48201749997679144,FALSE,NA,NA,-0.7297748585848287
002_Categorization_Task_2025-06-23-21-20-04,testing,circle,m,TRUE,0.3976959000574425,FALSE,NA,NA,-0.9220676359555454
002_Categorization_Task_2025-06-23-21-20-04,testing,square,z,TRUE,0.32727179990615696,TRUE,NA,NA,-1.116964260960397
003_Categorization_Task_2025-06-24-10-06-38,testing,circle,m,TRUE,0.42120750003959984,TRUE,NA,NA,-0.864629692519025
003_Categorization_Task_2025-06-24-10-06-38,testing,square,z,TRUE,0.31466010003350675,FALSE,NA,NA,-1.1562622702600815
003_Categorization_Task_2025-06-24-10-06-38,testing,square,z,TRUE,0.30125120002776384,FALSE,NA,NA,-1.1998108106905547
003_Categorization_Task_2025-06-24-10-06-38,testing,square,z,TRUE,0.2784216000000015,TRUE,NA,NA,-1.2786187673246245
003_Categorization_Task_2025-06-24-10-06-38,testing,circle,m,TRUE,0.3440042999573052,TRUE,NA,NA,-1.0671011218109743
003_Categorization_Task_2025-06-24-10-06-38,testing,square,z,TRUE,0.31317500001750886,TRUE,NA,NA,-1.1609931391959738
003_Categorization_Task_2025-06-24-10-06-38,testing,square,z,TRUE,0.2935163000365719,TRUE,NA,NA,-1.2258221045045714
003_Categorization_Task_2025-06-24-10-06-38,testing,circle,m,TRUE,0.32164899993222207,FALSE,NA,NA,-1.1342943903100573
003_Categorization_Task_2025-06-24-10-06-38,testing,circle,m,TRUE,0.3128941999748349,TRUE,NA,NA,-1.1618901648330962
003_Categorization_Task_2025-06-24-10-06-38,testing,square,z,TRUE,0.28711849998217076,TRUE,NA,NA,-1.2478602565149906
003_Categorization_Task_2025-06-24-10-06-38,testing,circle,m,TRUE,0.2849918999709189,TRUE,NA,NA,-1.2552945202720458
003_Categorization_Task_2025-06-24-10-06-38,testing,circle,m,TRUE,0.24299230007454753,FALSE,NA,NA,-1.4147255230796485
003_Categorization_Task_2025-06-24-10-06-38,testing,square,z,TRUE,0.2717655999585986,FALSE,NA,NA,-1.302815349077033
003_Categorization_Task_2025-06-24-10-06-38,testing,square,z,TRUE,0.25597599998582155,FALSE,NA,NA,-1.3626715889527703
003_Categorization_Task_2025-06-24-10-06-38,testing,square,z,FALSE,0.24529280001297593,FALSE,NA,NA,-1.4053026799096717
003_Categorization_Task_2025-06-24-10-06-38,testing,circle,m,TRUE,0.2698932000203058,FALSE,NA,NA,-1.3097289537168164
003_Categorization_Task_2025-06-24-10-06-38,testing,square,z,TRUE,0.31320999993477017,TRUE,NA,NA,-1.16088138710325
003_Categorization_Task_2025-06-24-10-06-38,testing,square,z,TRUE,0.28571140009444207,FALSE,NA,NA,-1.2527730682158227
003_Categorization_Task_2025-06-24-10-06-38,testing,square,z,TRUE,0.23486089997459203,FALSE,NA,NA,-1.4487618550905579
003_Categorization_Task_2025-06-24-10-06-38,testing,square,z,TRUE,0.22161200002301484,TRUE,NA,NA,-1.5068271738467538
003_Categorization_Task_2025-06-24-10-06-38,testing,circle,m,FALSE,0.1996648000786081,TRUE,NA,NA,-1.6111153180996565
003_Categorization_Task_2025-06-24-10-06-38,testing,circle,m,TRUE,0.35576290008611977,FALSE,NA,NA,-1.0334907810079978
003_Categorization_Task_2025-06-24-10-06-38,testing,square,z,TRUE,0.33334339992143214,FALSE,NA,NA,-1.098582089359817
003_Categorization_Task_2025-06-24-10-06-38,testing,circle,m,TRUE,0.3270285000326112,TRUE,NA,NA,-1.1177079558197214
003_Categorization_Task_2025-06-24-10-06-38,testing,square,z,TRUE,0.288272799924016,TRUE,NA,NA,-1.2438480252194308
003_Categorization_Task_2025-06-24-10-06-38,testing,circle,m,TRUE,0.2931794999167323,FALSE,NA,NA,-1.2269702298426552
003_Categorization_Task_2025-06-24-10-06-38,testing,square,z,FALSE,0.30015459994319826,TRUE,NA,NA,-1.2034576039204654
003_Categorization_Task_2025-06-24-10-06-38,testing,circle,m,TRUE,0.26589240005705506,TRUE,NA,NA,-1.324663563100811
003_Categorization_Task_2025-06-24-10-06-38,testing,square,z,TRUE,0.2575790999690071,TRUE,NA,NA,-1.356428421704139
003_Categorization_Task_2025-06-24-10-06-38,testing,square,z,FALSE,0.3498600000748411,FALSE,NA,NA,-1.0502222043061002
003_Categorization_Task_2025-06-24-10-06-38,testing,square,z,TRUE,0.4093020999571309,FALSE,NA,NA,-0.8933017648907089
003_Categorization_Task_2025-06-24-10-06-38,testing,square,z,TRUE,0.28603159997146577,FALSE,NA,NA,-1.2516529848550704
003_Categorization_Task_2025-06-24-10-06-38,testing,square,z,TRUE,0.23783060000278056,TRUE,NA,NA,-1.4361966234296113
003_Categorization_Task_2025-06-24-10-06-38,testing,circle,m,TRUE,0.3337089999113232,FALSE,NA,NA,-1.0974859235215983
003_Categorization_Task_2025-06-24-10-06-38,testing,circle,m,TRUE,0.3801936999661848,TRUE,NA,NA,-0.9670744193802348
003_Categorization_Task_2025-06-24-10-06-38,testing,square,z,TRUE,0.29539460001979023,FALSE,NA,NA,-1.2194431892828494
003_Categorization_Task_2025-06-24-10-06-38,testing,circle,m,TRUE,0.3757588000735268,FALSE,NA,NA,-0.9788078306006048
003_Categorization_Task_2025-06-24-10-06-38,testing,circle,m,TRUE,0.3973198999883607,TRUE,NA,NA,-0.9230135293506062
003_Categorization_Task_2025-06-24-10-06-38,testing,circle,m,TRUE,0.2960251000477001,TRUE,NA,NA,-1.2173110307947317
003_Categorization_Task_2025-06-24-10-06-38,testing,circle,m,TRUE,0.267618199926801,FALSE,NA,NA,-1.3181939413561456
003_Categorization_Task_2025-06-24-10-06-38,testing,circle,m,TRUE,0.3874960000393912,TRUE,NA,NA,-0.9480497527210029
003_Categorization_Task_2025-06-24-10-06-38,testing,circle,m,TRUE,0.2666956000030041,TRUE,NA,NA,-1.3216473458567546
003_Categorization_Task_2025-06-24-10-06-38,testing,circle,m,TRUE,0.2816420999588445,TRUE,NA,NA,-1.2671181631779036
003_Categorization_Task_2025-06-24-10-06-38,testing,circle,m,TRUE,0.25012590002734214,TRUE,NA,NA,-1.3857908877745
003_Categorization_Task_2025-06-24-10-06-38,testing,circle,m,TRUE,0.24776489997748288,TRUE,NA,NA,-1.3952749663998913
003_Categorization_Task_2025-06-24-10-06-38,testing,circle,m,TRUE,0.24938089994248003,TRUE,NA,NA,-1.3887738327006638
003_Categorization_Task_2025-06-24-10-06-38,testing,circle,m,TRUE,0.36210979998577386,TRUE,NA,NA,-1.0158077982691958
003_Categorization_Task_2025-06-24-10-06-38,testing,square,z,TRUE,0.3193876000586897,TRUE,NA,NA,-1.1413498665638284
003_Categorization_Task_2025-06-24-10-06-38,testing,square,z,TRUE,0.3337732000509277,FALSE,NA,NA,-1.097293558422406
003_Categorization_Task_2025-06-24-10-06-38,testing,circle,m,TRUE,0.3461879000533372,FALSE,NA,NA,-1.060773587592191
003_Categorization_Task_2025-06-24-10-06-38,testing,circle,m,TRUE,0.2478459000121802,TRUE,NA,NA,-1.3949480968667005
003_Categorization_Task_2025-06-24-10-06-38,testing,square,z,TRUE,0.3347411999711767,TRUE,NA,NA,-1.0943975831173363
003_Categorization_Task_2025-06-24-10-06-38,testing,square,z,TRUE,0.3595468000276014,FALSE,NA,NA,-1.0229109294103784
003_Categorization_Task_2025-06-24-10-06-38,testing,circle,m,FALSE,0.33299390005413443,TRUE,NA,NA,-1.0996311073252252
003_Categorization_Task_2025-06-24-10-06-38,testing,square,z,TRUE,0.3715233999537304,FALSE,NA,NA,-0.9901434290455722
003_Categorization_Task_2025-06-24-10-06-38,testing,circle,m,TRUE,0.2783059000503272,TRUE,NA,NA,-1.279034410350448
003_Categorization_Task_2025-06-24-10-06-38,testing,square,z,FALSE,0.2917874000268057,FALSE,NA,NA,-1.2317298239943313
003_Categorization_Task_2025-06-24-10-06-38,testing,square,z,TRUE,0.4829467999516055,FALSE,NA,NA,-0.7278487764237053
003_Categorization_Task_2025-06-24-10-06-38,testing,circle,m,TRUE,0.35137319995556027,TRUE,NA,NA,-1.0459063726271607
003_Categorization_Task_2025-06-24-10-06-38,testing,square,z,TRUE,0.36995219998061657,TRUE,NA,NA,-0.9943814709310926
003_Categorization_Task_2025-06-24-10-06-38,testing,square,z,TRUE,0.397944200085476,TRUE,NA,NA,-0.9214434843170102
003_Categorization_Task_2025-06-24-10-06-38,testing,square,z,TRUE,0.30164109996985644,FALSE,NA,NA,-1.1985173790230692
003_Categorization_Task_2025-06-24-10-06-38,testing,square,z,TRUE,0.33184540004003793,FALSE,NA,NA,-1.1030860810501208
003_Categorization_Task_2025-06-24-10-06-38,testing,square,z,TRUE,0.29688489995896816,FALSE,NA,NA,-1.2144107575190293
003_Categorization_Task_2025-06-24-10-06-38,testing,square,z,TRUE,0.26948790007736534,TRUE,NA,NA,-1.3112317873131296
003_Categorization_Task_2025-06-24-10-06-38,testing,circle,m,TRUE,0.3476606000913307,FALSE,NA,NA,-1.0565285622034502
003_Categorization_Task_2025-06-24-10-06-38,testing,square,z,TRUE,0.3328305999748409,FALSE,NA,NA,-1.1001216272221672
003_Categorization_Task_2025-06-24-10-06-38,testing,square,z,TRUE,0.2469632999273017,TRUE,NA,NA,-1.398515536684027
003_Categorization_Task_2025-06-24-10-06-38,testing,square,z,TRUE,0.2455905999522656,FALSE,NA,NA,-1.4040893572516042
003_Categorization_Task_2025-06-24-10-06-38,testing,square,z,TRUE,0.2610900999279693,FALSE,NA,NA,-1.3428897207788728
003_Categorization_Task_2025-06-24-10-06-38,testing,square,z,TRUE,0.2810934000881389,FALSE,NA,NA,-1.2690682802206348
003_Categorization_Task_2025-06-24-10-06-38,testing,square,z,TRUE,0.3240810000570491,TRUE,NA,NA,-1.1267617942585668
003_Categorization_Task_2025-06-24-10-06-38,testing,square,z,TRUE,0.2270845000166446,TRUE,NA,NA,-1.4824330839980147
003_Categorization_Task_2025-06-24-10-06-38,testing,circle,m,FALSE,0.3077370000537485,TRUE,NA,NA,-1.178509756714749
003_Categorization_Task_2025-06-24-10-06-38,testing,circle,m,TRUE,0.4119090000167489,FALSE,NA,NA,-0.886952827774564
003_Categorization_Task_2025-06-24-10-06-38,testing,circle,m,TRUE,0.2592564000515267,TRUE,NA,NA,-1.3499377453825114
003_Categorization_Task_2025-06-24-10-06-38,testing,circle,m,TRUE,0.3099901999812573,FALSE,NA,NA,-1.1712145949663315
003_Categorization_Task_2025-06-24-10-06-38,testing,circle,m,TRUE,0.2512027999619022,TRUE,NA,NA,-1.3814946981050613
003_Categorization_Task_2025-06-24-10-06-38,testing,square,z,FALSE,0.25383289996534586,TRUE,NA,NA,-1.371079102609938
003_Categorization_Task_2025-06-24-10-06-38,testing,square,z,TRUE,0.3168854999821633,TRUE,NA,NA,-1.1492147691472907
test 1_Categorization_Task_2025-06-16_18_37_26,testing,square,z,TRUE,0.4112880229949951,TRUE,NA,NA,-0.8884615240457653
test 1_Categorization_Task_2025-06-16_18_37_26,testing,circle,m,TRUE,0.37948060035705566,TRUE,NA,NA,-0.9689518024068107
test 1_Categorization_Task_2025-06-16_18_37_26,testing,circle,m,FALSE,0.2725858688354492,TRUE,NA,NA,-1.2998015995246657
test 1_Categorization_Task_2025-06-16_18_37_26,testing,square,z,TRUE,0.5227792263031006,TRUE,NA,NA,-0.6485960334785057
test 1_Categorization_Task_2025-06-16_18_37_26,testing,circle,m,TRUE,0.2800865173339844,TRUE,NA,NA,-1.2726567330620984
test 1_Categorization_Task_2025-06-16_18_37_26,testing,circle,m,TRUE,0.3524937629699707,FALSE,NA,NA,-1.0427223505885599
test 1_Categorization_Task_2025-06-16_18_37_26,testing,square,z,TRUE,0.3125874996185303,FALSE,NA,NA,-1.1628708502187264
test 1_Categorization_Task_2025-06-16_18_37_26,testing,circle,m,TRUE,0.331357479095459,FALSE,NA,NA,-1.104557489115314
test 1_Categorization_Task_2025-06-16_18_37_26,testing,circle,m,TRUE,0.44573044776916504,TRUE,NA,NA,-0.8080408868707747
test 1_Categorization_Task_2025-06-16_18_37_26,testing,circle,m,TRUE,0.3688092231750488,FALSE,NA,NA,-0.9974757790032739
test 1_Categorization_Task_2025-06-16_18_37_26,testing,square,z,TRUE,0.3442654609680176,FALSE,NA,NA,-1.0663422303469787
test 1_Categorization_Task_2025-06-16_18_37_26,testing,circle,m,TRUE,0.4288406372070313,FALSE,NA,NA,-0.8466699041099504
test 1_Categorization_Task_2025-06-16_18_37_26,testing,circle,m,TRUE,0.5625631809234619,TRUE,NA,NA,-0.5752518295694551
test 1_Categorization_Task_2025-06-16_18_37_26,testing,square,z,TRUE,0.3536076545715332,FALSE,NA,NA,-1.0395673009090247
test 1_Categorization_Task_2025-06-16_18_37_26,testing,circle,m,TRUE,0.2768130302429199,TRUE,NA,NA,-1.2844129817695729
test 1_Categorization_Task_2025-06-16_18_37_26,testing,square,z,TRUE,0.29083824157714844,FALSE,NA,NA,-1.2349880372330388
test 1_Categorization_Task_2025-06-16_18_37_26,testing,circle,m,TRUE,0.3368062973022461,TRUE,NA,NA,-1.0882472993355359
test 1_Categorization_Task_2025-06-16_18_37_26,testing,circle,m,TRUE,0.4646148681640625,FALSE,NA,NA,-0.7665464570828461
test 1_Categorization_Task_2025-06-16_18_37_26,testing,circle,m,TRUE,0.4709136486053467,FALSE,NA,NA,-0.7530805380682528
test 1_Categorization_Task_2025-06-16_18_37_26,testing,square,z,TRUE,0.4044876098632813,FALSE,NA,NA,-0.9051341736986268
test 1_Categorization_Task_2025-06-16_18_37_26,testing,circle,m,TRUE,0.378267765045166,FALSE,NA,NA,-0.9721529610050165
test 1_Categorization_Task_2025-06-16_18_37_26,testing,square,z,TRUE,0.3597986698150635,FALSE,NA,NA,-1.0222106544845908
test 1_Categorization_Task_2025-06-16_18_37_26,testing,square,z,TRUE,0.3904914855957031,TRUE,NA,NA,-0.9403491137923365
test 1_Categorization_Task_2025-06-16_18_37_26,testing,circle,m,TRUE,0.4403097629547119,FALSE,NA,NA,-0.8202767930510569
test 1_Categorization_Task_2025-06-16_18_37_26,testing,circle,m,TRUE,0.4125945568084717,FALSE,NA,NA,-0.8852898708496707
test 1_Categorization_Task_2025-06-16_18_37_26,testing,circle,m,TRUE,0.3510127067565918,TRUE,NA,NA,-1.0469328545858012
test 1_Categorization_Task_2025-06-16_18_37_26,testing,square,z,TRUE,0.43788814544677734,FALSE,NA,NA,-0.8257917769119049
test 1_Categorization_Task_2025-06-16_18_37_26,testing,circle,m,TRUE,0.44478797912597656,FALSE,NA,NA,-0.8101575617572314
test 1_Categorization_Task_2025-06-16_18_37_26,testing,circle,m,TRUE,0.3174271583557129,TRUE,NA,NA,-1.1475069094724504
test 1_Categorization_Task_2025-06-16_18_37_26,testing,circle,m,TRUE,0.3789787292480469,FALSE,NA,NA,-0.9702751988307621
test 1_Categorization_Task_2025-06-16_18_37_26,testing,circle,m,TRUE,0.329451322555542,FALSE,NA,NA,-1.1103266671955747
test 1_Categorization_Task_2025-06-16_18_37_26,testing,square,z,TRUE,0.28721117973327637,FALSE,NA,NA,-1.247537515917792
test 1_Categorization_Task_2025-06-16_18_37_26,testing,circle,m,TRUE,0.2738330364227295,FALSE,NA,NA,-1.295236714448389
test 1_Categorization_Task_2025-06-16_18_37_26,testing,square,z,TRUE,0.34259939193725586,FALSE,NA,NA,-1.0711934679411652
test 1_Categorization_Task_2025-06-16_18_37_26,testing,square,z,TRUE,0.30210113525390625,TRUE,NA,NA,-1.196993432722006
test 1_Categorization_Task_2025-06-16_18_37_26,testing,circle,m,TRUE,0.2764725685119629,TRUE,NA,NA,-1.2856436726630107
test 1_Categorization_Task_2025-06-16_18_37_26,testing,square,z,FALSE,0.2986290454864502,TRUE,NA,NA,-1.208553126382465
test 1_Categorization_Task_2025-06-16_18_37_26,testing,square,z,TRUE,0.2790043354034424,TRUE,NA,NA,-1.2765279582010631
test 1_Categorization_Task_2025-06-16_18_37_26,testing,square,z,TRUE,0.32232165336608887,TRUE,NA,NA,-1.1322053085326258
test 1_Categorization_Task_2025-06-16_18_37_26,testing,circle,m,TRUE,0.3862571716308594,FALSE,NA,NA,-0.9512518836134668
test 1_Categorization_Task_2025-06-16_18_37_26,testing,circle,m,TRUE,0.3729581832885742,TRUE,NA,NA,-0.9862889747689352
test 1_Categorization_Task_2025-06-16_18_37_26,testing,square,z,TRUE,0.444164514541626,FALSE,NA,NA,-0.8115602569316458
test 1_Categorization_Task_2025-06-16_18_37_26,testing,square,z,TRUE,0.2570805549621582,TRUE,NA,NA,-1.3583657997675251
test 1_Categorization_Task_2025-06-16_18_37_26,testing,circle,m,TRUE,0.34769558906555176,FALSE,NA,NA,-1.0564279260840161
test 1_Categorization_Task_2025-06-16_18_37_26,testing,square,z,TRUE,0.35379910469055176,TRUE,NA,NA,-1.0390260278120798
test 1_Categorization_Task_2025-06-16_18_37_26,testing,square,z,TRUE,0.42835330963134766,TRUE,NA,NA,-0.8478069341367815
test 1_Categorization_Task_2025-06-16_18_37_26,testing,circle,m,TRUE,0.330308198928833,FALSE,NA,NA,-1.1077291242206488
test 1_Categorization_Task_2025-06-16_18_37_26,testing,square,z,TRUE,0.32794690132141113,FALSE,NA,NA,-1.114903569918191
test 1_Categorization_Task_2025-06-16_18_37_26,testing,circle,m,TRUE,0.3325326442718506,TRUE,NA,NA,-1.1010172454441935
test 1_Categorization_Task_2025-06-16_18_37_26,testing,circle,m,TRUE,0.3005986213684082,FALSE,NA,NA,-1.201979387939887
test 1_Categorization_Task_2025-06-16_18_37_26,testing,circle,m,TRUE,0.38127970695495605,TRUE,NA,NA,-0.96422203421426
test 1_Categorization_Task_2025-06-16_18_37_26,testing,square,z,TRUE,0.3092961311340332,FALSE,NA,NA,-1.1734561078270451
test 1_Categorization_Task_2025-06-16_18_37_26,testing,square,z,FALSE,0.33609890937805176,TRUE,NA,NA,-1.0903497891892435
test 1_Categorization_Task_2025-06-16_18_37_26,testing,square,z,TRUE,0.3608920574188232,FALSE,NA,NA,-1.0191763752817928
test 1_Categorization_Task_2025-06-16_18_37_26,testing,circle,m,TRUE,0.3785228729248047,TRUE,NA,NA,-0.9714787774818543
test 1_Categorization_Task_2025-06-16_18_37_26,testing,square,z,TRUE,0.35633158683776855,FALSE,NA,NA,-1.0318935579344013
test 1_Categorization_Task_2025-06-16_18_37_26,testing,circle,m,TRUE,0.36751437187194824,TRUE,NA,NA,-1.0009928539593567
test 1_Categorization_Task_2025-06-16_18_37_26,testing,square,z,TRUE,0.2951853275299072,TRUE,NA,NA,-1.220151890980553
test 1_Categorization_Task_2025-06-16_18_37_26,testing,circle,m,FALSE,0.3068389892578125,TRUE,NA,NA,-1.1814321339330576
test 1_Categorization_Task_2025-06-16_18_37_26,testing,square,z,TRUE,0.39153409004211426,TRUE,NA,NA,-0.9376826918833422
test 1_Categorization_Task_2025-06-16_18_37_26,testing,circle,m,TRUE,0.3747899532318115,FALSE,NA,NA,-0.9813895346553462
test 1_Categorization_Task_2025-06-16_18_37_26,testing,circle,m,TRUE,0.3230719566345215,TRUE,NA,NA,-1.1298802046120886
test 1_Categorization_Task_2025-06-16_18_37_26,testing,square,z,TRUE,0.3867356777191162,TRUE,NA,NA,-0.950013822615153
test 1_Categorization_Task_2025-06-16_18_37_26,testing,square,z,TRUE,0.3376305103302002,FALSE,NA,NA,-1.085803146143007
test 1_Categorization_Task_2025-06-16_18_37_26,testing,square,z,TRUE,0.392000675201416,TRUE,NA,NA,-0.9364917167405661
test 1_Categorization_Task_2025-06-16_18_37_26,testing,square,z,TRUE,0.4589612483978271,FALSE,NA,NA,-0.7787894986342047
test 1_Categorization_Task_2025-06-16_18_37_26,testing,square,z,TRUE,0.3137674331665039,FALSE,NA,NA,-1.1591032262024552
test 1_Categorization_Task_2025-06-16_18_37_26,testing,circle,m,TRUE,0.4118654727935791,TRUE,NA,NA,-0.8870585052983206
test 1_Categorization_Task_2025-06-16_18_37_26,testing,square,z,TRUE,0.3386855125427246,FALSE,NA,NA,-1.082683293788247
test 1_Categorization_Task_2025-06-16_18_37_26,testing,circle,m,TRUE,0.3737056255340576,TRUE,NA,NA,-0.9842868889940016
test 1_Categorization_Task_2025-06-16_18_37_26,testing,square,z,TRUE,0.3881199359893799,TRUE,NA,NA,-0.9464408737498693
test 1_Categorization_Task_2025-06-16_18_37_26,testing,square,z,TRUE,0.3150634765625,FALSE,NA,NA,-1.154981147560675
test 1_Categorization_Task_2025-06-16_18_37_26,testing,square,z,TRUE,0.3168981075286865,TRUE,NA,NA,-1.149174984128002
test 1_Categorization_Task_2025-06-16_18_37_26,testing,square,z,TRUE,0.3314938545227051,FALSE,NA,NA,-1.1041460079211045
test 1_Categorization_Task_2025-06-16_18_37_26,testing,circle,m,TRUE,0.3150477409362793,FALSE,NA,NA,-1.1550310931124665
test 1_Categorization_Task_2025-06-16_18_37_26,testing,circle,m,FALSE,0.2722630500793457,TRUE,NA,NA,-1.3009865841421313
test 1_Categorization_Task_2025-06-16_18_37_26,testing,square,z,TRUE,0.24012112617492676,TRUE,NA,NA,-1.4266117905589901
test 1_Categorization_Task_2025-06-16_18_37_26,testing,square,z,TRUE,0.424130916595459,FALSE,NA,NA,-0.8577131058531257
test 1_Categorization_Task_2025-06-16_18_37_26,testing,circle,m,TRUE,0.3876464366912842,TRUE,NA,NA,-0.9476616004365886
test 2_Categorization_Task_2025-06-17_14_33_16,testing,circle,m,TRUE,0.4088282585144043,TRUE,NA,NA,-0.894460116957229
test 2_Categorization_Task_2025-06-17_14_33_16,testing,square,z,FALSE,0.36051511764526367,FALSE,NA,NA,-1.0202213879206792
test 2_Categorization_Task_2025-06-17_14_33_16,testing,circle,m,TRUE,0.44350409507751465,TRUE,NA,NA,-0.8130482437294393
test 2_Categorization_Task_2025-06-17_14_33_16,testing,square,z,TRUE,0.44641757011413574,TRUE,NA,NA,-0.8065005091149268
test 2_Categorization_Task_2025-06-17_14_33_16,testing,circle,m,TRUE,0.33014559745788574,TRUE,NA,NA,-1.1082215174058256
test 2_Categorization_Task_2025-06-17_14_33_16,testing,square,z,TRUE,0.37906479835510254,FALSE,NA,NA,-0.9700481166005432
test 2_Categorization_Task_2025-06-17_14_33_16,testing,circle,m,TRUE,0.31798362731933594,FALSE,NA,NA,-1.145755383944614
test 2_Categorization_Task_2025-06-17_14_33_16,testing,square,z,TRUE,0.45456624031066895,FALSE,NA,NA,-0.7884116327263229
test 2_Categorization_Task_2025-06-17_14_33_16,testing,square,z,TRUE,0.36916446685791016,FALSE,NA,NA,-0.9965130245986148
test 2_Categorization_Task_2025-06-17_14_33_16,testing,circle,m,TRUE,0.6042485237121582,FALSE,NA,NA,-0.5037697025754503
test 2_Categorization_Task_2025-06-17_14_33_16,testing,square,z,TRUE,0.32099127769470215,TRUE,NA,NA,-1.1363413285119421
test 2_Categorization_Task_2025-06-17_14_33_16,testing,square,z,TRUE,0.32877254486083984,FALSE,NA,NA,-1.1123891203180265
test 2_Categorization_Task_2025-06-17_14_33_16,testing,circle,m,TRUE,0.4288337230682373,FALSE,NA,NA,-0.8466860271028119
test 2_Categorization_Task_2025-06-17_14_33_16,testing,square,z,TRUE,0.37835192680358887,TRUE,NA,NA,-0.9719304932059976
test 2_Categorization_Task_2025-06-17_14_33_16,testing,circle,m,TRUE,0.33744263648986816,TRUE,NA,NA,-1.0863597490713488
test 2_Categorization_Task_2025-06-17_14_33_16,testing,square,z,TRUE,0.3204224109649658,TRUE,NA,NA,-1.1381151194021202
test 2_Categorization_Task_2025-06-17_14_33_16,testing,circle,m,TRUE,0.28945326805114746,FALSE,NA,NA,-1.2397614179658518
test 2_Categorization_Task_2025-06-17_14_33_16,testing,circle,m,TRUE,0.4018089771270752,TRUE,NA,NA,-0.9117784845734485
test 2_Categorization_Task_2025-06-17_14_33_16,testing,square,z,FALSE,0.3486311435699463,TRUE,NA,NA,-1.0537408109023505
test 2_Categorization_Task_2025-06-17_14_33_16,testing,square,z,TRUE,0.491459846496582,FALSE,NA,NA,-0.7103750385682512
test 2_Categorization_Task_2025-06-17_14_33_16,testing,circle,m,TRUE,0.5297205448150635,TRUE,NA,NA,-0.6354056854275959
test 2_Categorization_Task_2025-06-17_14_33_16,testing,square,z,TRUE,0.48609256744384766,FALSE,NA,NA,-0.7213562052269121
test 2_Categorization_Task_2025-06-17_14_33_16,testing,circle,m,TRUE,0.3892033100128174,FALSE,NA,NA,-0.9436534240486473
test 2_Categorization_Task_2025-06-17_14_33_16,testing,circle,m,TRUE,0.3505375385284424,FALSE,NA,NA,-1.0482874783037865
test 2_Categorization_Task_2025-06-17_14_33_16,testing,circle,m,TRUE,0.3360412120819092,FALSE,NA,NA,-1.0905214715347609
test 2_Categorization_Task_2025-06-17_14_33_16,testing,circle,m,TRUE,0.4415712356567383,TRUE,NA,NA,-0.8174159227876139
test 2_Categorization_Task_2025-06-17_14_33_16,testing,square,z,TRUE,0.3946855068206787,FALSE,NA,NA,-0.9296660164689445
test 2_Categorization_Task_2025-06-17_14_33_16,testing,square,z,TRUE,0.44123363494873047,TRUE,NA,NA,-0.8181807593572934
test 2_Categorization_Task_2025-06-17_14_33_16,testing,circle,m,TRUE,0.4126877784729004,TRUE,NA,NA,-0.8850639562484732
test 2_Categorization_Task_2025-06-17_14_33_16,testing,circle,m,TRUE,0.35854148864746094,TRUE,NA,NA,-1.0257108971936815
test 2_Categorization_Task_2025-06-17_14_33_16,testing,square,z,TRUE,0.3894815444946289,TRUE,NA,NA,-0.9429387973494328
test 2_Categorization_Task_2025-06-17_14_33_16,testing,square,z,TRUE,0.464907169342041,TRUE,NA,NA,-0.765917529148232
test 2_Categorization_Task_2025-06-17_14_33_16,testing,circle,m,TRUE,0.33022618293762207,FALSE,NA,NA,-1.1079774564615859
test 2_Categorization_Task_2025-06-17_14_33_16,testing,circle,m,TRUE,0.39040160179138184,FALSE,NA,NA,-0.9405793215023804
test 2_Categorization_Task_2025-06-17_14_33_16,testing,square,z,TRUE,0.3787209987640381,TRUE,NA,NA,-0.9709554960102922
test 2_Categorization_Task_2025-06-17_14_33_16,testing,circle,m,TRUE,0.43329501152038574,TRUE,NA,NA,-0.8363364630641756
test 2_Categorization_Task_2025-06-17_14_33_16,testing,square,z,TRUE,0.35854077339172363,FALSE,NA,NA,-1.0257128920993575
test 2_Categorization_Task_2025-06-17_14_33_16,testing,circle,m,TRUE,0.45615506172180176,TRUE,NA,NA,-0.7849224796353145
test 2_Categorization_Task_2025-06-17_14_33_16,testing,square,z,TRUE,0.34437131881713867,TRUE,NA,NA,-1.0660347885923052
test 2_Categorization_Task_2025-06-17_14_33_16,testing,circle,m,TRUE,0.3917429447174072,TRUE,NA,NA,-0.9371494075638119
test 2_Categorization_Task_2025-06-17_14_33_16,testing,circle,m,TRUE,0.4449315071105957,TRUE,NA,NA,-0.8098349252676761
test 2_Categorization_Task_2025-06-17_14_33_16,testing,circle,m,TRUE,0.33786439895629883,TRUE,NA,NA,-1.0851106505157864
test 2_Categorization_Task_2025-06-17_14_33_16,testing,circle,m,TRUE,0.30799198150634766,FALSE,NA,NA,-1.1776815304177546
test 2_Categorization_Task_2025-06-17_14_33_16,testing,square,z,TRUE,0.4094858169555664,FALSE,NA,NA,-0.8928530113179612
test 2_Categorization_Task_2025-06-17_14_33_16,testing,square,z,TRUE,0.44223833084106445,FALSE,NA,NA,-0.8159063321782827
test 2_Categorization_Task_2025-06-17_14_33_16,testing,square,z,TRUE,0.4954946041107178,FALSE,NA,NA,-0.7021988150580328
test 2_Categorization_Task_2025-06-17_14_33_16,testing,circle,m,TRUE,0.3850865364074707,TRUE,NA,NA,-0.9542872000617856
test 2_Categorization_Task_2025-06-17_14_33_16,testing,square,z,TRUE,0.4528515338897705,TRUE,NA,NA,-0.7921909469751959
test 2_Categorization_Task_2025-06-17_14_33_16,testing,square,z,TRUE,0.42565083503723145,FALSE,NA,NA,-0.854135904860899
test 2_Categorization_Task_2025-06-17_14_33_16,testing,square,z,TRUE,0.40525388717651367,TRUE,NA,NA,-0.9032415263666703
test 2_Categorization_Task_2025-06-17_14_33_16,testing,circle,m,TRUE,0.4161443710327149,TRUE,NA,NA,-0.876723033175603
test 2_Categorization_Task_2025-06-17_14_33_16,testing,square,z,TRUE,0.4706952571868897,FALSE,NA,NA,-0.7535444067105938
test 2_Categorization_Task_2025-06-17_14_33_16,testing,square,z,TRUE,0.3903069496154785,FALSE,NA,NA,-0.9408217991240141
test 2_Categorization_Task_2025-06-17_14_33_16,testing,square,z,TRUE,0.36329030990600586,FALSE,NA,NA,-1.0125530125411786
test 2_Categorization_Task_2025-06-17_14_33_16,testing,circle,m,TRUE,0.33786559104919434,TRUE,NA,NA,-1.0851071222044397
test 2_Categorization_Task_2025-06-17_14_33_16,testing,square,z,TRUE,0.3553466796875,TRUE,NA,NA,-1.0346614035336659
test 2_Categorization_Task_2025-06-17_14_33_16,testing,square,z,TRUE,0.40264153480529785,FALSE,NA,NA,-0.909708604666296
test 2_Categorization_Task_2025-06-17_14_33_16,testing,circle,m,TRUE,0.4214670658111572,FALSE,NA,NA,-0.8640136402723204
test 2_Categorization_Task_2025-06-17_14_33_16,testing,square,z,TRUE,0.405381441116333,TRUE,NA,NA,-0.9029268252022377
test 2_Categorization_Task_2025-06-17_14_33_16,testing,square,z,TRUE,0.3822798728942871,FALSE,NA,NA,-0.961602287077969
test 2_Categorization_Task_2025-06-17_14_33_16,testing,circle,m,TRUE,0.33055877685546875,TRUE,NA,NA,-1.1069707932771284
test 2_Categorization_Task_2025-06-17_14_33_16,testing,square,z,TRUE,0.3614156246185303,TRUE,NA,NA,-1.017726668171032
test 2_Categorization_Task_2025-06-17_14_33_16,testing,circle,m,TRUE,0.3255424499511719,FALSE,NA,NA,-1.122262411240223
test 2_Categorization_Task_2025-06-17_14_33_16,testing,circle,m,TRUE,0.343156099319458,TRUE,NA,NA,-1.0695698352860903
test 2_Categorization_Task_2025-06-17_14_33_16,testing,square,z,TRUE,0.3622567653656006,TRUE,NA,NA,-1.0154020219982494
test 2_Categorization_Task_2025-06-17_14_33_16,testing,circle,m,TRUE,0.35834407806396484,TRUE,NA,NA,-1.026261642243248
test 2_Categorization_Task_2025-06-17_14_33_16,testing,circle,m,TRUE,0.4324562549591065,TRUE,NA,NA,-0.8382741023288853
test 2_Categorization_Task_2025-06-17_14_33_16,testing,square,z,TRUE,0.41022324562072754,TRUE,NA,NA,-0.8910537659569737
test 2_Categorization_Task_2025-06-17_14_33_16,testing,square,z,TRUE,0.32484865188598633,FALSE,NA,NA,-1.1243958916226926
test 2_Categorization_Task_2025-06-17_14_33_16,testing,circle,m,TRUE,0.3184494972229004,TRUE,NA,NA,-1.1442913809918827
test 2_Categorization_Task_2025-06-17_14_33_16,testing,square,z,TRUE,0.4581902027130127,TRUE,NA,NA,-0.7804708913104769
test 2_Categorization_Task_2025-06-17_14_33_16,testing,circle,m,TRUE,0.3559987545013428,FALSE,NA,NA,-1.0328280467279605
test 2_Categorization_Task_2025-06-17_14_33_16,testing,square,z,TRUE,0.3346552848815918,TRUE,NA,NA,-1.094654277294855
test 2_Categorization_Task_2025-06-17_14_33_16,testing,square,z,TRUE,0.3795843124389648,TRUE,NA,NA,-0.9686785396573246
test 2_Categorization_Task_2025-06-17_14_33_16,testing,square,z,TRUE,0.40798068046569824,FALSE,NA,NA,-0.8965354574988664
test 2_Categorization_Task_2025-06-17_14_33_16,testing,square,z,TRUE,0.32956552505493164,FALSE,NA,NA,-1.1099800827313173
test 2_Categorization_Task_2025-06-17_14_33_16,testing,square,z,TRUE,0.4106597900390625,FALSE,NA,NA,-0.8899901687317318
test 2_Categorization_Task_2025-06-17_14_33_16,testing,square,z,TRUE,0.3755900859832764,TRUE,NA,NA,-0.9792569271420837
test 2_Categorization_Task_2025-06-17_14_33_16,testing,circle,m,TRUE,0.32419252395629883,TRUE,NA,NA,-1.1264177299208487
test 3_Categorization_Task_2025-06-17_14_44_56,testing,circle,m,TRUE,0.3969283103942871,TRUE,NA,NA,-0.923999592953102
test 3_Categorization_Task_2025-06-17_14_44_56,testing,square,z,TRUE,0.40399980545043945,TRUE,NA,NA,-0.9063408825794211
test 3_Categorization_Task_2025-06-17_14_44_56,testing,square,z,TRUE,0.38963913917541504,TRUE,NA,NA,-0.9425342523636853
test 3_Categorization_Task_2025-06-17_14_44_56,testing,circle,m,TRUE,0.4141042232513428,TRUE,NA,NA,-0.8816375898558576
test 3_Categorization_Task_2025-06-17_14_44_56,testing,square,z,TRUE,0.26848649978637695,TRUE,NA,NA,-1.314954646422531
test 3_Categorization_Task_2025-06-17_14_44_56,testing,circle,m,TRUE,0.25856828689575195,TRUE,NA,NA,-1.3525954539783185
test 3_Categorization_Task_2025-06-17_14_44_56,testing,circle,m,TRUE,0.3452279567718506,TRUE,NA,NA,-1.0635503358799274
test 3_Categorization_Task_2025-06-17_14_44_56,testing,circle,m,TRUE,0.4885632991790771,FALSE,NA,NA,-0.7162862372263832
test 3_Categorization_Task_2025-06-17_14_44_56,testing,circle,m,TRUE,0.32921624183654785,TRUE,NA,NA,-1.1110404741042013
test 3_Categorization_Task_2025-06-17_14_44_56,testing,square,z,TRUE,0.4260282516479492,FALSE,NA,NA,-0.85324961648932
test 3_Categorization_Task_2025-06-17_14_44_56,testing,square,z,TRUE,0.32319068908691406,TRUE,NA,NA,-1.1295127612683815
test 3_Categorization_Task_2025-06-17_14_44_56,testing,square,z,TRUE,0.3274064064025879,FALSE,NA,NA,-1.116553046727112
test 3_Categorization_Task_2025-06-17_14_44_56,testing,square,z,TRUE,0.3113570213317871,TRUE,NA,NA,-1.1668150466676317
test 3_Categorization_Task_2025-06-17_14_44_56,testing,circle,m,TRUE,0.4537661075592041,TRUE,NA,NA,-0.7901733952800755
test 3_Categorization_Task_2025-06-17_14_44_56,testing,square,z,TRUE,0.32204270362854004,FALSE,NA,NA,-1.1330711222665688
test 3_Categorization_Task_2025-06-17_14_44_56,testing,circle,m,TRUE,0.31130051612854004,FALSE,NA,NA,-1.1669965435579854
test 3_Categorization_Task_2025-06-17_14_44_56,testing,circle,m,TRUE,0.3707032203674317,TRUE,NA,NA,-0.9923534816027807
test 3_Categorization_Task_2025-06-17_14_44_56,testing,square,z,TRUE,0.33318090438842773,FALSE,NA,NA,-1.0990696800903366
test 3_Categorization_Task_2025-06-17_14_44_56,testing,circle,m,TRUE,0.3591945171356201,FALSE,NA,NA,-1.0238912067696433
test 3_Categorization_Task_2025-06-17_14_44_56,testing,square,z,TRUE,0.34560728073120117,TRUE,NA,NA,-1.0624521753435823
test 3_Categorization_Task_2025-06-17_14_44_56,testing,square,z,TRUE,0.31273412704467773,TRUE,NA,NA,-1.1624018837778336
test 3_Categorization_Task_2025-06-17_14_44_56,testing,circle,m,TRUE,0.4619538784027099,FALSE,NA,NA,-0.7722902231809387
test 3_Categorization_Task_2025-06-17_14_44_56,testing,square,z,TRUE,0.3212857246398926,FALSE,NA,NA,-1.1354244438508128
test 3_Categorization_Task_2025-06-17_14_44_56,testing,square,z,TRUE,0.34807586669921875,FALSE,NA,NA,-1.0553348152115247
test 3_Categorization_Task_2025-06-17_14_44_56,testing,square,z,TRUE,0.36870408058166504,FALSE,NA,NA,-0.9977609063184301
test 3_Categorization_Task_2025-06-17_14_44_56,testing,circle,m,FALSE,0.22405362129211423,TRUE,NA,NA,-1.4958698750057347
test 3_Categorization_Task_2025-06-17_14_44_56,testing,circle,m,FALSE,0.3243224620819092,TRUE,NA,NA,-1.1260170047868223
test 3_Categorization_Task_2025-06-17_14_44_56,testing,circle,m,TRUE,0.42380666732788086,FALSE,NA,NA,-0.8584779010209083
test 3_Categorization_Task_2025-06-17_14_44_56,testing,circle,m,TRUE,0.32160186767578125,TRUE,NA,NA,-1.1344409342446204
test 3_Categorization_Task_2025-06-17_14_44_56,testing,square,z,TRUE,0.4222254753112793,TRUE,NA,NA,-0.8622158059489514
test 3_Categorization_Task_2025-06-17_14_44_56,testing,square,z,TRUE,0.43468213081359863,FALSE,NA,NA,-0.8331402487713456
test 3_Categorization_Task_2025-06-17_14_44_56,testing,square,z,TRUE,0.3010694980621338,TRUE,NA,NA,-1.200414150312514
test 3_Categorization_Task_2025-06-17_14_44_56,testing,square,z,TRUE,0.4006624221801758,FALSE,NA,NA,-0.9146360461714994
test 3_Categorization_Task_2025-06-17_14_44_56,testing,square,z,TRUE,0.31952738761901855,TRUE,NA,NA,-1.1409122885909986
test 3_Categorization_Task_2025-06-17_14_44_56,testing,circle,m,TRUE,0.32449817657470703,FALSE,NA,NA,-1.125475362038042
test 3_Categorization_Task_2025-06-17_14_44_56,testing,square,z,TRUE,0.3552248477935791,TRUE,NA,NA,-1.0350043159370002
test 3_Categorization_Task_2025-06-17_14_44_56,testing,square,z,TRUE,0.4282112121582031,TRUE,NA,NA,-0.8481387187737431
test 3_Categorization_Task_2025-06-17_14_44_56,testing,square,z,TRUE,0.3148379325866699,TRUE,NA,NA,-1.15569727228176
test 3_Categorization_Task_2025-06-17_14_44_56,testing,square,z,TRUE,0.29555559158325195,TRUE,NA,NA,-1.2188983326443983
test 3_Categorization_Task_2025-06-17_14_44_56,testing,circle,m,TRUE,0.3673539161682129,FALSE,NA,NA,-1.0014295463813774
test 3_Categorization_Task_2025-06-17_14_44_56,testing,square,z,TRUE,0.311171293258667,FALSE,NA,NA,-1.1674117362455279
test 3_Categorization_Task_2025-06-17_14_44_56,testing,square,z,TRUE,0.35556817054748535,TRUE,NA,NA,-1.0340382884951245
test 3_Categorization_Task_2025-06-17_14_44_56,testing,square,z,TRUE,0.276017427444458,TRUE,NA,NA,-1.287291272343714
test 3_Categorization_Task_2025-06-17_14_44_56,testing,square,z,TRUE,0.3116035461425781,FALSE,NA,NA,-1.1660235846184066
test 3_Categorization_Task_2025-06-17_14_44_56,testing,square,z,TRUE,0.2651841640472412,FALSE,NA,NA,-1.3273307356990331
test 3_Categorization_Task_2025-06-17_14_44_56,testing,circle,m,TRUE,0.3521759510040283,FALSE,NA,NA,-1.0436243674659382
test 3_Categorization_Task_2025-06-17_14_44_56,testing,square,z,TRUE,0.3352067470550537,FALSE,NA,NA,-1.0930077821309192
test 3_Categorization_Task_2025-06-17_14_44_56,testing,square,z,TRUE,0.2971513271331787,FALSE,NA,NA,-1.2135137509732195
test 3_Categorization_Task_2025-06-17_14_44_56,testing,square,z,TRUE,0.27750658988952637,FALSE,NA,NA,-1.281910598727967
test 3_Categorization_Task_2025-06-17_14_44_56,testing,square,z,TRUE,0.3438715934753418,FALSE,NA,NA,-1.0674869660740944
test 3_Categorization_Task_2025-06-17_14_44_56,testing,square,z,TRUE,0.37930965423583984,FALSE,NA,NA,-0.9694023778407286
test 3_Categorization_Task_2025-06-17_14_44_56,testing,square,z,TRUE,0.34661269187927246,FALSE,NA,NA,-1.0595472841388858
test 3_Categorization_Task_2025-06-17_14_44_56,testing,circle,m,TRUE,0.3611748218536377,FALSE,NA,NA,-1.0183931668079358
test 3_Categorization_Task_2025-06-17_14_44_56,testing,square,z,TRUE,0.2826120853424072,TRUE,NA,NA,-1.2636800448109713
test 3_Categorization_Task_2025-06-17_14_44_56,testing,circle,m,FALSE,0.24945330619812012,TRUE,NA,NA,-1.3884835308117505
test 3_Categorization_Task_2025-06-17_14_44_56,testing,circle,m,TRUE,0.36322522163391113,FALSE,NA,NA,-1.012732191841395
test 3_Categorization_Task_2025-06-17_14_44_56,testing,square,z,TRUE,0.353405237197876,FALSE,NA,NA,-1.0401398997443336
test 3_Categorization_Task_2025-06-17_14_44_56,testing,square,z,FALSE,0.3821721076965332,FALSE,NA,NA,-0.9618842281317014
test 3_Categorization_Task_2025-06-17_14_44_56,testing,square,z,TRUE,0.43311381340026855,TRUE,NA,NA,-0.8367547370187964
test 3_Categorization_Task_2025-06-17_14_44_56,testing,circle,m,TRUE,0.36382150650024414,TRUE,NA,NA,-1.011091898372065
test 3_Categorization_Task_2025-06-17_14_44_56,testing,circle,m,TRUE,0.4595837593078614,FALSE,NA,NA,-0.7774340702118242
test 3_Categorization_Task_2025-06-17_14_44_56,testing,square,z,TRUE,0.4024944305419922,FALSE,NA,NA,-0.9100740193820057
test 3_Categorization_Task_2025-06-17_14_44_56,testing,square,z,TRUE,0.48416996002197266,FALSE,NA,NA,-0.7253192768365277
test 3_Categorization_Task_2025-06-17_14_44_56,testing,square,z,TRUE,0.3806295394897461,TRUE,NA,NA,-0.9659287141792526
test 3_Categorization_Task_2025-06-17_14_44_56,testing,square,z,TRUE,0.3328876495361328,TRUE,NA,NA,-1.0999502347104748
test 3_Categorization_Task_2025-06-17_14_44_56,testing,square,z,TRUE,0.27506208419799805,TRUE,NA,NA,-1.2907584460756893
test 3_Categorization_Task_2025-06-17_14_44_56,testing,square,z,TRUE,0.43776965141296387,FALSE,NA,NA,-0.8260624169609324
test 3_Categorization_Task_2025-06-17_14_44_56,testing,square,z,TRUE,0.2549400329589844,TRUE,NA,NA,-1.366726926346032
test 3_Categorization_Task_2025-06-17_14_44_56,testing,square,z,TRUE,0.3091461658477783,TRUE,NA,NA,-1.1739410852935803
test 3_Categorization_Task_2025-06-17_14_44_56,testing,circle,m,TRUE,0.3501160144805908,TRUE,NA,NA,-1.0494907094781578
test 3_Categorization_Task_2025-06-17_14_44_56,testing,square,z,TRUE,0.3964486122131348,FALSE,NA,NA,-0.9252088498042619
test 3_Categorization_Task_2025-06-17_14_44_56,testing,circle,m,TRUE,0.3426644802093506,TRUE,NA,NA,-1.071003502367505
test 3_Categorization_Task_2025-06-17_14_44_56,testing,circle,m,TRUE,0.3167572021484375,TRUE,NA,NA,-1.1496197223963305
test 3_Categorization_Task_2025-06-17_14_44_56,testing,circle,m,TRUE,0.3322885036468506,FALSE,NA,NA,-1.1017517005280575
test 3_Categorization_Task_2025-06-17_14_44_56,testing,circle,m,TRUE,0.3603639602661133,FALSE,NA,NA,-1.0206407575098306
test 3_Categorization_Task_2025-06-17_14_44_56,testing,square,z,TRUE,0.34070420265197754,FALSE,NA,NA,-1.0767406190464837
test 4_Categorization_Task_2025-06-18_09_57_00,testing,circle,m,TRUE,0.7555739879608154,FALSE,NA,NA,-0.2802775696212408
test 4_Categorization_Task_2025-06-18_09_57_00,testing,square,z,TRUE,0.5139851570129395,TRUE,NA,NA,-0.6655608913506649
test 4_Categorization_Task_2025-06-18_09_57_00,testing,circle,m,FALSE,0.5015394687652588,FALSE,NA,NA,-0.6900729732507027
test 4_Categorization_Task_2025-06-18_09_57_00,testing,circle,m,TRUE,0.41432857513427734,TRUE,NA,NA,-0.8810959601935446
test 4_Categorization_Task_2025-06-18_09_57_00,testing,circle,m,TRUE,0.4629769325256348,TRUE,NA,NA,-0.7700780478959361
test 4_Categorization_Task_2025-06-18_09_57_00,testing,circle,m,TRUE,0.6029601097106934,FALSE,NA,NA,-0.505904237493421
test 4_Categorization_Task_2025-06-18_09_57_00,testing,circle,m,TRUE,0.4509074687957764,TRUE,NA,NA,-0.7964931294967268
test 4_Categorization_Task_2025-06-18_09_57_00,testing,square,z,TRUE,0.39220285415649414,TRUE,NA,NA,-0.9359760879478133
test 4_Categorization_Task_2025-06-18_09_57_00,testing,square,z,TRUE,0.501685619354248,TRUE,NA,NA,-0.6897816117372121
test 4_Categorization_Task_2025-06-18_09_57_00,testing,circle,m,TRUE,0.3524198532104492,FALSE,NA,NA,-1.042932049360426
test 4_Categorization_Task_2025-06-18_09_57_00,testing,circle,m,TRUE,0.5084619522094727,FALSE,NA,NA,-0.6763648898731376
test 4_Categorization_Task_2025-06-18_09_57_00,testing,circle,m,TRUE,0.6811473369598389,FALSE,NA,NA,-0.38397664240137735
test 4_Categorization_Task_2025-06-18_09_57_00,testing,circle,m,TRUE,0.5628924369812012,FALSE,NA,NA,-0.5746667224148154
test 4_Categorization_Task_2025-06-18_09_57_00,testing,square,z,TRUE,0.6174211502075195,FALSE,NA,NA,-0.482203910604947
test 4_Categorization_Task_2025-06-18_09_57_00,testing,circle,m,TRUE,0.5033812522888184,FALSE,NA,NA,-0.686407439149998
test 4_Categorization_Task_2025-06-18_09_57_00,testing,circle,m,TRUE,0.5668811798095703,TRUE,NA,NA,-0.5676055566337753
test 4_Categorization_Task_2025-06-18_09_57_00,testing,square,z,TRUE,0.5168843269348145,FALSE,NA,NA,-0.6599361685112403
test 4_Categorization_Task_2025-06-18_09_57_00,testing,circle,m,TRUE,0.3973686695098877,FALSE,NA,NA,-0.9228907906490316
test 4_Categorization_Task_2025-06-18_09_57_00,testing,square,z,TRUE,0.37442874908447266,TRUE,NA,NA,-0.9823537502420816
test 4_Categorization_Task_2025-06-18_09_57_00,testing,square,z,FALSE,0.4420461654663086,TRUE,NA,NA,-0.8163409556022673
test 4_Categorization_Task_2025-06-18_09_57_00,testing,circle,m,TRUE,1.203415870666504,TRUE,NA,NA,0.18516407190603568
test 4_Categorization_Task_2025-06-18_09_57_00,testing,square,z,TRUE,1.238011598587036,FALSE,NA,NA,0.21350654302872404
test 4_Categorization_Task_2025-06-18_09_57_00,testing,circle,m,TRUE,0.6814510822296143,TRUE,NA,NA,-0.38353080998218625
test 4_Categorization_Task_2025-06-18_09_57_00,testing,square,z,TRUE,1.382972002029419,FALSE,NA,NA,0.3242348081027328
test 4_Categorization_Task_2025-06-18_09_57_00,testing,circle,m,TRUE,0.8737378120422363,TRUE,NA,NA,-0.13497493455316656
test 4_Categorization_Task_2025-06-18_09_57_00,testing,square,z,TRUE,0.7150120735168457,TRUE,NA,NA,-0.3354558503931505
test 4_Categorization_Task_2025-06-18_09_57_00,testing,circle,m,TRUE,0.6929373741149902,FALSE,NA,NA,-0.3668156531182182
test 4_Categorization_Task_2025-06-18_09_57_00,testing,circle,m,TRUE,0.645719051361084,TRUE,NA,NA,-0.4373907748119512
test 4_Categorization_Task_2025-06-18_09_57_00,testing,square,z,TRUE,0.6132113933563232,FALSE,NA,NA,-0.48904555199348104
test 4_Categorization_Task_2025-06-18_09_57_00,testing,square,z,TRUE,0.8782885074615479,TRUE,NA,NA,-0.1297801431252644
test 4_Categorization_Task_2025-06-18_09_57_00,testing,square,z,TRUE,0.4895777702331543,TRUE,NA,NA,-0.7142119527503614
test 4_Categorization_Task_2025-06-18_09_57_00,testing,square,z,TRUE,0.94472503662109375,TRUE,NA,NA,-0.056861360365895716
test 4_Categorization_Task_2025-06-18_09_57_00,testing,circle,m,TRUE,0.85984206199646,TRUE,NA,NA,-0.15100655544142264
test 4_Categorization_Task_2025-06-18_09_57_00,testing,circle,m,FALSE,0.5767126083374023,TRUE,NA,NA,-0.5504112156946059
test 4_Categorization_Task_2025-06-18_09_57_00,testing,square,z,TRUE,1.0846967697143557,FALSE,NA,NA,0.08130047301438578
test 4_Categorization_Task_2025-06-18_09_57_00,testing,circle,m,TRUE,0.6696748733520508,FALSE,NA,NA,-0.4009629480292916
test 4_Categorization_Task_2025-06-18_09_57_00,testing,circle,m,TRUE,0.73552703857421875,FALSE,NA,NA,-0.3071679774488262
test 4_Categorization_Task_2025-06-18_09_57_00,testing,square,z,TRUE,0.5465447902679443,FALSE,NA,NA,-0.6041390163196606
test 4_Categorization_Task_2025-06-18_09_57_00,testing,square,z,TRUE,1.2811181545257568,TRUE,NA,NA,0.2477332548248484
test 4_Categorization_Task_2025-06-18_09_57_00,testing,circle,m,TRUE,0.9081878662109376,FALSE,NA,NA,-0.09630402066855981
test 4_Categorization_Task_2025-06-18_09_57_00,testing,circle,m,TRUE,1.1765038967132568,FALSE,NA,NA,0.1625472413032603
test 4_Categorization_Task_2025-06-18_09_57_00,testing,circle,m,TRUE,1.0837342739105225,TRUE,NA,NA,0.08041273819812525
test 4_Categorization_Task_2025-06-18_09_57_00,testing,circle,m,TRUE,0.6779909133911133,TRUE,NA,NA,-0.38862139320955413
test 4_Categorization_Task_2025-06-18_09_57_00,testing,square,z,TRUE,0.4494342803955078,FALSE,NA,NA,-0.7997656417762714
test 4_Categorization_Task_2025-06-18_09_57_00,testing,circle,m,TRUE,0.4180374145507813,TRUE,NA,NA,-0.8721843419683349
test 4_Categorization_Task_2025-06-18_09_57_00,testing,circle,m,TRUE,0.5943155288696289,TRUE,NA,NA,-0.520344907269542
test 4_Categorization_Task_2025-06-18_09_57_00,testing,circle,m,TRUE,0.4757051467895508,FALSE,NA,NA,-0.7429570562003899
test 4_Categorization_Task_2025-06-18_09_57_00,testing,square,z,TRUE,0.46308422088623047,TRUE,NA,NA,-0.7698463388761152
test 4_Categorization_Task_2025-06-18_09_57_00,testing,circle,m,TRUE,0.6156575679779053,TRUE,NA,NA,-0.4850643661559255
test 4_Categorization_Task_2025-06-18_09_57_00,testing,circle,m,TRUE,0.5263783931732178,TRUE,NA,NA,-0.641734946216918
test 4_Categorization_Task_2025-06-18_09_57_00,testing,square,z,TRUE,0.5167074203491211,TRUE,NA,NA,-0.6602784827525947
test 4_Categorization_Task_2025-06-18_09_57_00,testing,square,z,TRUE,0.38013291358947754,TRUE,NA,NA,-0.9672343148139945
test 4_Categorization_Task_2025-06-18_09_57_00,testing,circle,m,TRUE,0.4355647563934326,FALSE,NA,NA,-0.8311117993842877
test 4_Categorization_Task_2025-06-18_09_57_00,testing,square,z,TRUE,0.4097630977630615,FALSE,NA,NA,-0.8921760966145023
test 4_Categorization_Task_2025-06-18_09_57_00,testing,square,z,TRUE,0.4726266860961914,TRUE,NA,NA,-0.7494494492636424
test 4_Categorization_Task_2025-06-18_09_57_00,testing,circle,m,TRUE,0.4115169048309326,FALSE,NA,NA,-0.8879051787101925
test 4_Categorization_Task_2025-06-18_09_57_00,testing,circle,m,TRUE,0.5725710391998291,TRUE,NA,NA,-0.5576184653131995
test 4_Categorization_Task_2025-06-18_09_57_00,testing,circle,m,TRUE,0.4698853492736816,FALSE,NA,NA,-0.7552665517512479
test 4_Categorization_Task_2025-06-18_09_57_00,testing,circle,m,TRUE,0.4319784641265869,TRUE,NA,NA,-0.8393795435394836
test 4_Categorization_Task_2025-06-18_09_57_00,testing,circle,m,TRUE,0.44920825958251953,FALSE,NA,NA,-0.80026866897051
test 4_Categorization_Task_2025-06-18_09_57_00,testing,square,z,TRUE,0.38674235343933105,TRUE,NA,NA,-0.9499965610512919
test 4_Categorization_Task_2025-06-18_09_57_00,testing,circle,m,TRUE,1.0444095134735107,FALSE,NA,NA,0.04345166683381886
test 4_Categorization_Task_2025-06-18_09_57_00,testing,circle,m,TRUE,0.45281147956848145,TRUE,NA,NA,-0.7922794000106406
test 4_Categorization_Task_2025-06-18_09_57_00,testing,circle,m,FALSE,0.4254729747772217,FALSE,NA,NA,-0.8545538470228919
test 4_Categorization_Task_2025-06-18_09_57_00,testing,square,z,TRUE,0.6839737892150879,TRUE,NA,NA,-0.37983568195479384
test 4_Categorization_Task_2025-06-18_09_57_00,testing,square,z,TRUE,0.6391739845275879,TRUE,NA,NA,-0.447578585409049
test 4_Categorization_Task_2025-06-18_09_57_00,testing,circle,m,TRUE,0.6203703880310059,TRUE,NA,NA,-0.477438579265364
test 4_Categorization_Task_2025-06-18_09_57_00,testing,square,z,TRUE,0.4259145259857178,TRUE,NA,NA,-0.85351659607032615
test 4_Categorization_Task_2025-06-18_09_57_00,testing,circle,m,TRUE,0.561549186706543,TRUE,NA,NA,-0.5770559098751951
test 4_Categorization_Task_2025-06-18_09_57_00,testing,circle,m,TRUE,0.3703320026397705,TRUE,NA,NA,-0.9933553712490153
test 4_Categorization_Task_2025-06-18_09_57_00,testing,square,z,TRUE,0.6534180641174316,TRUE,NA,NA,-0.425538133859041
test 4_Categorization_Task_2025-06-18_09_57_00,testing,square,z,TRUE,0.7377729415893555,FALSE,NA,NA,-0.3041191689440303
test 4_Categorization_Task_2025-06-18_09_57_00,testing,circle,m,TRUE,0.5069003105163574,TRUE,NA,NA,-0.679440920924898
test 4_Categorization_Task_2025-06-18_09_57_00,testing,square,z,TRUE,0.7080254554748535,FALSE,NA,NA,-0.3452752318742215
test 4_Categorization_Task_2025-06-18_09_57_00,testing,square,z,TRUE,0.4029996395111084,FALSE,NA,NA,-0.9088196115492329
test 4_Categorization_Task_2025-06-18_09_57_00,testing,square,z,TRUE,0.34242844581604004,TRUE,NA,NA,-1.071692560431552
test 4_Categorization_Task_2025-06-18_09_57_00,testing,square,z,FALSE,0.45279622077941895,FALSE,NA,NA,-0.7923130984632002
test 4_Categorization_Task_2025-06-18_09_57_00,testing,circle,m,TRUE,1.1547796726226809,TRUE,NA,NA,0.14390956614278116
test_5_Categorization_Task_2025-06-18_12-41-58,testing,circle,m,TRUE,0.5464320182800293,TRUE,NA,NA,-0.6043453738332569
test_5_Categorization_Task_2025-06-18_12-41-58,testing,square,z,TRUE,0.46905088424682617,FALSE,NA,NA,-0.7570440212252444
test_5_Categorization_Task_2025-06-18_12-41-58,testing,circle,m,TRUE,0.3966648578643799,TRUE,NA,NA,-0.9246635415608335
test_5_Categorization_Task_2025-06-18_12-41-58,testing,square,z,FALSE,0.3422281742095947,TRUE,NA,NA,-1.0722775883310847
test_5_Categorization_Task_2025-06-18_12-41-58,testing,square,z,TRUE,0.5273964405059814,TRUE,NA,NA,-0.6398027542211425
test_5_Categorization_Task_2025-06-18_12-41-58,testing,square,z,TRUE,0.3787379264831543,FALSE,NA,NA,-0.9709107999388491
test_5_Categorization_Task_2025-06-18_12-41-58,testing,circle,m,TRUE,0.4601268768310547,FALSE,NA,NA,-0.7762530083321734
test_5_Categorization_Task_2025-06-18_12-41-58,testing,circle,m,TRUE,0.5561373233795166,FALSE,NA,NA,-0.5867400307316706
test_5_Categorization_Task_2025-06-18_12-41-58,testing,square,z,TRUE,0.5078134536743164,FALSE,NA,NA,-0.6776411160209358
test_5_Categorization_Task_2025-06-18_12-41-58,testing,circle,m,TRUE,0.4490807056427002,FALSE,NA,NA,-0.800552662085453
test_5_Categorization_Task_2025-06-18_12-41-58,testing,circle,m,TRUE,0.5474801063537598,FALSE,NA,NA,-0.6024291533785516
test_5_Categorization_Task_2025-06-18_12-41-58,testing,square,z,TRUE,0.38666629791259766,FALSE,NA,NA,-0.9501932372246076
test_5_Categorization_Task_2025-06-18_12-41-58,testing,square,z,TRUE,0.5457315444946289,TRUE,NA,NA,-0.6056281008996439
test_5_Categorization_Task_2025-06-18_12-41-58,testing,square,z,TRUE,0.3510427474975586,FALSE,NA,NA,-1.0468472751894642
test_5_Categorization_Task_2025-06-18_12-41-58,testing,circle,m,TRUE,0.3198733329772949,TRUE,NA,NA,-1.1398301959974524
test_5_Categorization_Task_2025-06-18_12-41-58,testing,square,z,TRUE,0.2395114898681641,TRUE,NA,NA,-1.429153888884557
test_5_Categorization_Task_2025-06-18_12-41-58,testing,square,z,TRUE,0.4102797508239746,FALSE,NA,NA,-0.8909160328747515
test_5_Categorization_Task_2025-06-18_12-41-58,testing,circle,m,TRUE,0.2829585075378418,TRUE,NA,NA,-1.2624550085622026
test_5_Categorization_Task_2025-06-18_12-41-58,testing,circle,m,TRUE,0.31307387351989746,TRUE,NA,NA,-1.1613160986543092
test_5_Categorization_Task_2025-06-18_12-41-58,testing,square,z,TRUE,0.3270702362060547,FALSE,NA,NA,-1.1175803415279093
test_5_Categorization_Task_2025-06-18_12-41-58,testing,square,z,TRUE,0.3406946659088135,TRUE,NA,NA,-1.0767686107077696
test_5_Categorization_Task_2025-06-18_12-41-58,testing,circle,m,TRUE,0.26874208450317383,TRUE,NA,NA,-1.3140031529854592
test_5_Categorization_Task_2025-06-18_12-41-58,testing,square,z,TRUE,0.21488261222839355,TRUE,NA,NA,-1.5376633895964702
test_5_Categorization_Task_2025-06-18_12-41-58,testing,square,z,TRUE,0.2730295658111572,TRUE,NA,NA,-1.2981751899865952
test_5_Categorization_Task_2025-06-18_12-41-58,testing,circle,m,TRUE,0.3967418670654297,TRUE,NA,NA,-0.9244694186756299
test_5_Categorization_Task_2025-06-18_12-41-58,testing,square,z,TRUE,0.23968911170959473,TRUE,NA,NA,-1.4284125632310398
test_5_Categorization_Task_2025-06-18_12-41-58,testing,circle,m,TRUE,0.474515438079834,FALSE,NA,NA,-0.7454611259928566
test_5_Categorization_Task_2025-06-18_12-41-58,testing,square,z,TRUE,0.20321249961853027,FALSE,NA,NA,-1.593503051298991
test_5_Categorization_Task_2025-06-18_12-41-58,testing,circle,m,TRUE,0.28571367263793945,TRUE,NA,NA,-1.2527651142648821
test_5_Categorization_Task_2025-06-18_12-41-58,testing,square,z,TRUE,0.2168064117431641,TRUE,NA,NA,-1.5287504353928727
test_5_Categorization_Task_2025-06-18_12-41-58,testing,square,z,TRUE,0.326092004776001,TRUE,NA,NA,-1.1205757141936497
test_5_Categorization_Task_2025-06-18_12-41-58,testing,circle,m,TRUE,0.32335543632507324,FALSE,NA,NA,-1.129003138720973
test_5_Categorization_Task_2025-06-18_12-41-58,testing,square,z,TRUE,0.3397047519683838,FALSE,NA,NA,-1.079678415192852
test_5_Categorization_Task_2025-06-18_12-41-58,testing,circle,m,TRUE,0.41023707389831543,FALSE,NA,NA,-0.8910200573734866
test_5_Categorization_Task_2025-06-18_12-41-58,testing,circle,m,FALSE,0.24159812927246097,TRUE,NA,NA,-1.420479556029017
test_5_Categorization_Task_2025-06-18_12-41-58,testing,square,z,TRUE,0.36022377014160156,TRUE,NA,NA,-1.0210298569084593
test_5_Categorization_Task_2025-06-18_12-41-58,testing,square,z,TRUE,0.33527541160583496,TRUE,NA,NA,-1.0928029607195384
test_5_Categorization_Task_2025-06-18_12-41-58,testing,square,z,TRUE,0.6599345207214355,FALSE,NA,NA,-0.41561465991153335
test_5_Categorization_Task_2025-06-18_12-41-58,testing,square,z,TRUE,0.32476806640625,TRUE,NA,NA,-1.1246439932428651
test_5_Categorization_Task_2025-06-18_12-41-58,testing,square,z,TRUE,0.4534761905670166,FALSE,NA,NA,-0.7908125123112254
test_5_Categorization_Task_2025-06-18_12-41-58,testing,circle,m,TRUE,0.2688167095184326,TRUE,NA,NA,-1.3137255088781798
test_5_Categorization_Task_2025-06-18_12-41-58,testing,circle,m,TRUE,0.2838006019592285,FALSE,NA,NA,-1.2594833931899858
test_5_Categorization_Task_2025-06-18_12-41-58,testing,square,z,TRUE,0.3852550983428955,FALSE,NA,NA,-0.9538495710138122
test_5_Categorization_Task_2025-06-18_12-41-58,testing,square,z,TRUE,0.348130464553833,FALSE,NA,NA,-1.0551779713212144
test_5_Categorization_Task_2025-06-18_12-41-58,testing,circle,m,TRUE,0.3991265296936035,FALSE,NA,NA,-0.918476795336675
test_5_Categorization_Task_2025-06-18_12-41-58,testing,circle,m,TRUE,0.42757487297058105,FALSE,NA,NA,-0.849625864489144
test_5_Categorization_Task_2025-06-18_12-41-58,testing,square,z,TRUE,0.34029364585876465,TRUE,NA,NA,-1.0779463698248477
test_5_Categorization_Task_2025-06-18_12-41-58,testing,circle,m,TRUE,0.3398568630218506,FALSE,NA,NA,-1.0792307411257716
test_5_Categorization_Task_2025-06-18_12-41-58,testing,circle,m,FALSE,0.24553942680358887,TRUE,NA,NA,-1.4042977466640778
test_5_Categorization_Task_2025-06-18_12-41-58,testing,circle,m,TRUE,0.3951575756072998,TRUE,NA,NA,-0.9284706680425713
test_5_Categorization_Task_2025-06-18_12-41-58,testing,square,z,TRUE,0.40068984031677246,FALSE,NA,NA,-0.9145676164985814
test_5_Categorization_Task_2025-06-18_12-41-58,testing,circle,m,TRUE,0.34723639488220215,TRUE,NA,NA,-1.0577494777201142
test_5_Categorization_Task_2025-06-18_12-41-58,testing,square,z,TRUE,0.395747184753418,FALSE,NA,NA,-0.9269796939458302
test_5_Categorization_Task_2025-06-18_12-41-58,testing,circle,m,TRUE,0.30606555938720703,TRUE,NA,NA,-1.1839559536138091
test_5_Categorization_Task_2025-06-18_12-41-58,testing,square,z,TRUE,0.3241603374481201,FALSE,NA,NA,-1.126517016929887
test_5_Categorization_Task_2025-06-18_12-41-58,testing,circle,m,TRUE,0.2897219657897949,TRUE,NA,NA,-1.2388335545413645
test_5_Categorization_Task_2025-06-18_12-41-58,testing,circle,m,TRUE,0.3815882205963135,FALSE,NA,NA,-0.9634132083427442
test_5_Categorization_Task_2025-06-18_12-41-58,testing,circle,m,TRUE,0.3838787078857422,FALSE,NA,NA,-0.9574286411711086
test_5_Categorization_Task_2025-06-18_12-41-58,testing,square,z,TRUE,0.41123127937316895,FALSE,NA,NA,-0.8885994992197285
test_5_Categorization_Task_2025-06-18_12-41-58,testing,circle,m,TRUE,0.2367546558380127,TRUE,NA,NA,-1.44073088147885
test_5_Categorization_Task_2025-06-18_12-41-58,testing,circle,m,TRUE,0.33707690238952637,FALSE,NA,NA,-1.0874441776611887
test_5_Categorization_Task_2025-06-18_12-41-58,testing,square,z,TRUE,0.4345965385437012,FALSE,NA,NA,-0.83333717588618506
test_5_Categorization_Task_2025-06-18_12-41-58,testing,square,z,TRUE,0.33356237411499023,TRUE,NA,NA,-1.0979254022836145
test_5_Categorization_Task_2025-06-18_12-41-58,testing,circle,m,FALSE,0.27961063385009766,TRUE,NA,NA,-1.2743572369776766
test_5_Categorization_Task_2025-06-18_12-41-58,testing,square,z,TRUE,0.4920816421508789,TRUE,NA,NA,-0.7091106369251822
test_5_Categorization_Task_2025-06-18_12-41-58,testing,square,z,TRUE,0.33284783363342285,TRUE,NA,NA,-1.1000698494937153
test_5_Categorization_Task_2025-06-18_12-41-58,testing,square,z,TRUE,0.4304296970367432,TRUE,NA,NA,-0.8429712738235448
test_5_Categorization_Task_2025-06-18_12-41-58,testing,square,z,TRUE,0.3959929943084717,TRUE,NA,NA,-0.9263587590243696
test_5_Categorization_Task_2025-06-18_12-41-58,testing,square,z,TRUE,0.33188605308532715,TRUE,NA,NA,-1.1029635825753277
test_5_Categorization_Task_2025-06-18_12-41-58,testing,square,z,TRUE,0.33388233184814453,TRUE,NA,NA,-1.0969666479334648
test_5_Categorization_Task_2025-06-18_12-41-58,testing,circle,m,TRUE,0.3290104866027832,TRUE,NA,NA,-1.1116656545521424
test_5_Categorization_Task_2025-06-18_12-41-58,testing,square,z,TRUE,0.2517216205596924,TRUE,NA,NA,-1.3794314823984246
test_5_Categorization_Task_2025-06-18_12-41-58,testing,square,z,TRUE,0.3552870750427246,FALSE,NA,NA,-1.0348291542055652
test_5_Categorization_Task_2025-06-18_12-41-58,testing,circle,m,TRUE,0.37412595748901367,FALSE,NA,NA,-0.9831627535368693
test_5_Categorization_Task_2025-06-18_12-41-58,testing,square,z,TRUE,0.3302345275878906,FALSE,NA,NA,-1.1079521872816451
test_5_Categorization_Task_2025-06-18_12-41-58,testing,circle,m,TRUE,0.3363149166107178,FALSE,NA,NA,-1.089707306147558
test_5_Categorization_Task_2025-06-18_12-41-58,testing,circle,m,TRUE,0.3609261512756348,TRUE,NA,NA,-1.0190819086794647
test_5_Categorization_Task_2025-06-18_12-41-58,testing,square,z,FALSE,0.2595388889312744,TRUE,NA,NA,-1.3488487265973947
test_5_Categorization_Task_2025-06-18_12-41-58,testing,circle,m,TRUE,0.48317480087280273,TRUE,NA,NA,-0.7273767842330008
test_5_Categorization_Task_2025-06-18_12-41-58,testing,circle,m,TRUE,0.5023593902587891,FALSE,NA,NA,-0.688439498586453
test_7_Categorization_Task_2025-06-24_18-06-08,testing,circle,m,TRUE,0.5098649999999907,FALSE,51,female,-0.6736092941869227
test_7_Categorization_Task_2025-06-24_18-06-08,testing,circle,m,TRUE,0.4689487499999814,FALSE,51,female,-0.7572617915601559
test_7_Categorization_Task_2025-06-24_18-06-08,testing,circle,m,TRUE,0.4587527909898199,FALSE,51,female,-0.7792437957303491
test_7_Categorization_Task_2025-06-24_18-06-08,testing,circle,m,TRUE,0.5837282089923974,TRUE,51,female,-0.5383198000449996
test_7_Categorization_Task_2025-06-24_18-06-08,testing,circle,m,TRUE,0.30909458300448023,FALSE,51,female,-1.1741079550559297
test_7_Categorization_Task_2025-06-24_18-06-08,testing,circle,m,TRUE,0.313534457993228,FALSE,51,female,-1.15984601109525
test_7_Categorization_Task_2025-06-24_18-06-08,testing,square,z,TRUE,0.6101802920165937,TRUE,51,female,-0.49400080480129377
test_7_Categorization_Task_2025-06-24_18-06-08,testing,square,z,FALSE,0.32461966600385495,FALSE,51,female,-1.1251010403891903
test_7_Categorization_Task_2025-06-24_18-06-08,testing,square,z,TRUE,0.4721056249982212,FALSE,51,female,-0.750552536656096
test_7_Categorization_Task_2025-06-24_18-06-08,testing,circle,m,TRUE,0.4506459170079325,TRUE,51,female,-0.7970733542494709
test_7_Categorization_Task_2025-06-24_18-06-08,testing,circle,m,FALSE,0.7751648330013268,FALSE,51,female,-0.25467958449997424
test_7_Categorization_Task_2025-06-24_18-06-08,testing,circle,m,TRUE,0.6644080840051174,FALSE,51,female,-0.40885873394026206
test_7_Categorization_Task_2025-06-24_18-06-08,testing,square,z,TRUE,0.6400288330041803,TRUE,51,female,-0.44624205207417916
test_7_Categorization_Task_2025-06-24_18-06-08,testing,circle,m,TRUE,0.4008591670135502,TRUE,51,female,-0.9141451178172831
test_7_Categorization_Task_2025-06-24_18-06-08,testing,circle,m,TRUE,0.5724094999895897,FALSE,51,female,-0.5579006346702885
test_7_Categorization_Task_2025-06-24_18-06-08,testing,circle,m,TRUE,0.6718110420042649,FALSE,51,female,-0.3977781654932566
test_7_Categorization_Task_2025-06-24_18-06-08,testing,circle,m,TRUE,0.522958582994761,TRUE,51,female,-0.6482530092676102
test_7_Categorization_Task_2025-06-24_18-06-08,testing,square,z,TRUE,0.5132063339988235,FALSE,51,female,-0.6670773041523154
test_7_Categorization_Task_2025-06-24_18-06-08,testing,square,z,TRUE,0.542210666986648,TRUE,51,female,-0.6121006685835241
test_7_Categorization_Task_2025-06-24_18-06-08,testing,circle,m,TRUE,0.3405474579776637,FALSE,51,female,-1.077200785784088
test_7_Categorization_Task_2025-06-24_18-06-08,testing,circle,m,TRUE,0.7121522499946877,FALSE,51,female,-0.3394635561672466
test_7_Categorization_Task_2025-06-24_18-06-08,testing,square,z,TRUE,0.39325599998119287,FALSE,51,female,-0.933294479738165
test_7_Categorization_Task_2025-06-24_18-06-08,testing,circle,m,TRUE,0.4957573329738807,TRUE,51,female,-0.7016687200146114
test_7_Categorization_Task_2025-06-24_18-06-08,testing,circle,m,TRUE,0.7785588339902461,TRUE,51,female,-0.25031071703729146
test_7_Categorization_Task_2025-06-24_18-06-08,testing,circle,m,TRUE,0.4129520000133198,TRUE,51,female,-0.8844239155035282
test_7_Categorization_Task_2025-06-24_18-06-08,testing,circle,m,TRUE,0.43301829099073075,FALSE,51,female,-0.8369753093990161
test_7_Categorization_Task_2025-06-24_18-06-08,testing,circle,m,TRUE,0.5641171659808606,TRUE,51,female,-0.572493307958456
test_7_Categorization_Task_2025-06-24_18-06-08,testing,circle,m,TRUE,0.6667686669970863,TRUE,51,female,-0.4053121193159171
test_7_Categorization_Task_2025-06-24_18-06-08,testing,circle,m,TRUE,0.684467124985531,TRUE,51,female,-0.3791146631856295
test_7_Categorization_Task_2025-06-24_18-06-08,testing,circle,m,TRUE,0.463234625000041,TRUE,51,female,-0.7695216037899185
test_7_Categorization_Task_2025-06-24_18-06-08,testing,circle,m,TRUE,0.37133079100749455,TRUE,51,female,-0.9906619936653742
test_7_Categorization_Task_2025-06-24_18-06-08,testing,square,z,TRUE,0.6398097909986973,FALSE,51,female,-0.4465843483660924
test_7_Categorization_Task_2025-06-24_18-06-08,testing,square,z,TRUE,0.561831416998757,FALSE,51,female,-0.576553443841473
test_7_Categorization_Task_2025-06-24_18-06-08,testing,square,z,TRUE,0.39091308301431127,FALSE,51,female,-0.939270037788808
test_7_Categorization_Task_2025-06-24_18-06-08,testing,circle,m,TRUE,0.4949820830079261,FALSE,51,female,-0.7032337130121193
test_7_Categorization_Task_2025-06-24_18-06-08,testing,square,z,TRUE,0.42146800001501106,TRUE,51,female,-0.8640114237223352
test_7_Categorization_Task_2025-06-24_18-06-08,testing,square,z,FALSE,0.2473740830027964,FALSE,51,female,-1.3968535819776617
test_7_Categorization_Task_2025-06-24_18-06-08,testing,circle,m,TRUE,0.7982088330027182,FALSE,51,female,-0.2253850202764927
test_7_Categorization_Task_2025-06-24_18-06-08,testing,square,z,TRUE,0.3768412909994367,TRUE,51,female,-0.9759311589519054
test_7_Categorization_Task_2025-06-24_18-06-08,testing,circle,m,TRUE,0.4401260830054526,TRUE,51,female,-0.8206940408329753
test_7_Categorization_Task_2025-06-24_18-06-08,testing,circle,m,TRUE,0.7327266249922104,TRUE,51,female,-0.31098260028589253
test_7_Categorization_Task_2025-06-24_18-06-08,testing,circle,m,TRUE,0.5669119170051999,FALSE,51,female,-0.5675513365194996
test_7_Categorization_Task_2025-06-24_18-06-08,testing,circle,m,TRUE,0.5208599590114318,FALSE,51,female,-0.6522740660443904
test_7_Categorization_Task_2025-06-24_18-06-08,testing,square,z,TRUE,0.4317214580078144,FALSE,51,female,-0.8399746718236748
test_7_Categorization_Task_2025-06-24_18-06-08,testing,square,z,TRUE,0.42828983400249854,FALSE,51,female,-0.8479551303359504
test_7_Categorization_Task_2025-06-24_18-06-08,testing,circle,m,TRUE,0.6609318749979138,TRUE,51,female,-0.4141045079851095
test_7_Categorization_Task_2025-06-24_18-06-08,testing,circle,m,TRUE,0.4614433749811724,TRUE,51,female,-0.7733959303328238
test_7_Categorization_Task_2025-06-24_18-06-08,testing,square,z,TRUE,0.7156740000064019,FALSE,51,female,-0.33453052295894087
test_7_Categorization_Task_2025-06-24_18-06-08,testing,circle,m,TRUE,0.6335995839908719,TRUE,51,female,-0.4563380950621998
test_7_Categorization_Task_2025-06-24_18-06-08,testing,circle,m,TRUE,0.4508115409989842,FALSE,51,female,-0.7967058959929681
test_7_Categorization_Task_2025-06-24_18-06-08,testing,circle,m,TRUE,0.7298894170089625,FALSE,51,female,-0.3148622398638584
test_7_Categorization_Task_2025-06-24_18-06-08,testing,square,z,TRUE,0.4557565829891246,TRUE,51,female,-0.785796421229
test_7_Categorization_Task_2025-06-24_18-06-08,testing,circle,m,TRUE,0.6328796249872539,TRUE,51,female,-0.45747504081870094
test_7_Categorization_Task_2025-06-24_18-06-08,testing,square,z,TRUE,0.8383982500236016,FALSE,51,female,-0.17626205269854728
test_7_Categorization_Task_2025-06-24_18-06-08,testing,square,z,TRUE,0.3736524999840185,TRUE,51,female,-0.9844290579176131
test_7_Categorization_Task_2025-06-24_18-06-08,testing,square,z,TRUE,0.4081115829758346,TRUE,51,female,-0.8962146542830463
test_7_Categorization_Task_2025-06-24_18-06-08,testing,circle,m,TRUE,0.33336033299565315,TRUE,51,female,-1.098531292961391
test_7_Categorization_Task_2025-06-24_18-06-08,testing,square,z,TRUE,0.3057291670120321,TRUE,51,female,-1.1850556440640856
test_7_Categorization_Task_2025-06-24_18-06-08,testing,circle,m,TRUE,0.25168679098715074,TRUE,51,female,-1.3795698574108333
test_7_Categorization_Task_2025-06-24_18-06-08,testing,square,z,TRUE,0.3748912080191076,TRUE,51,female,-0.981119407051385
test_7_Categorization_Task_2025-06-24_18-06-08,testing,circle,m,TRUE,0.4195265420130454,FALSE,51,female,-0.8686284844850874
test_7_Categorization_Task_2025-06-24_18-06-08,testing,square,z,TRUE,0.2611900419869926,FALSE,51,female,-1.3425070063992806
test_7_Categorization_Task_2025-06-24_18-06-08,testing,square,z,FALSE,0.31216349999886006,TRUE,51,female,-1.1642281899749716
test_7_Categorization_Task_2025-06-24_18-06-08,testing,circle,m,TRUE,0.4374037910019979,TRUE,51,female,-0.8268985036485472
test_7_Categorization_Task_2025-06-24_18-06-08,testing,square,z,TRUE,0.918484542024089,TRUE,51,female,-0.08503020405584959
test_7_Categorization_Task_2025-06-24_18-06-08,testing,circle,m,TRUE,0.23669287498341873,TRUE,51,female,-1.4409918643794786
test_7_Categorization_Task_2025-06-24_18-06-08,testing,circle,m,FALSE,0.207036000007065,TRUE,51,female,-1.5748625877602853
test_7_Categorization_Task_2025-06-24_18-06-08,testing,circle,m,TRUE,0.4031064170121681,TRUE,51,female,-0.9085546898287715
test_7_Categorization_Task_2025-06-24_18-06-08,testing,square,z,TRUE,0.45853433301090263,FALSE,51,female,-0.7797201089311595
test_7_Categorization_Task_2025-06-24_18-06-08,testing,circle,m,TRUE,0.4063077089958824,TRUE,51,female,-0.9006445025138081
test_7_Categorization_Task_2025-06-24_18-06-08,testing,square,z,TRUE,0.6385066660004668,FALSE,51,female,-0.44862316346933917
test_7_Categorization_Task_2025-06-24_18-06-08,testing,square,z,TRUE,0.4133898750005755,TRUE,51,female,-0.883364124050428
test_7_Categorization_Task_2025-06-24_18-06-08,testing,square,z,TRUE,0.4325149579963181,FALSE,51,female,-0.8381383682456638
test_7_Categorization_Task_2025-06-24_18-06-08,testing,square,z,TRUE,0.5445510420249775,FALSE,51,female,-0.6077935999098393
test_7_Categorization_Task_2025-06-24_18-06-08,testing,circle,m,TRUE,0.8764729589747731,TRUE,51,female,-0.13184942623791432
test_7_Categorization_Task_2025-06-24_18-06-08,testing,square,z,TRUE,0.2931955420062877,TRUE,51,female,-1.226915513702259
test_7_Categorization_Task_2025-06-24_18-06-08,testing,square,z,TRUE,0.933653707994381,FALSE,51,female,-0.06864967182128646
test_7_Categorization_Task_2025-06-24_18-06-08,testing,circle,m,TRUE,0.7151199590007309,TRUE,51,female,-0.3353049755345545
test_8_Categorization_Task_2025-06-24_18-13-23,testing,circle,m,TRUE,0.4409179999784101,TRUE,52,male,-0.8188963619165197
test_8_Categorization_Task_2025-06-24_18-13-23,testing,square,z,TRUE,0.3588107920077164,TRUE,52,male,-1.0249600711904217
test_8_Categorization_Task_2025-06-24_18-13-23,testing,square,z,TRUE,0.5956495839927811,FALSE,52,male,-0.5181027311458396
test_8_Categorization_Task_2025-06-24_18-13-23,testing,square,z,TRUE,0.7449184590077493,FALSE,52,male,-0.29448051758908456
test_8_Categorization_Task_2025-06-24_18-13-23,testing,square,z,TRUE,0.4546258750197012,TRUE,52,male,-0.7882804509703172
test_8_Categorization_Task_2025-06-24_18-13-23,testing,square,z,TRUE,0.530560790997697,TRUE,52,male,-0.6338207356031502
test_8_Categorization_Task_2025-06-24_18-13-23,testing,square,z,TRUE,0.5364315829938278,FALSE,52,male,-0.6228162497519665
test_8_Categorization_Task_2025-06-24_18-13-23,testing,circle,m,TRUE,0.513540916988859,TRUE,52,male,-0.6664255702391121
test_8_Categorization_Task_2025-06-24_18-13-23,testing,circle,m,TRUE,0.3970526249904651,FALSE,52,male,-0.9236864504287575
test_8_Categorization_Task_2025-06-24_18-13-23,testing,circle,m,TRUE,0.5624983329907991,TRUE,52,male,-0.5753671084798659
test_8_Categorization_Task_2025-06-24_18-13-23,testing,square,z,TRUE,0.5774944169970695,FALSE,52,male,-0.5490565041704614
test_8_Categorization_Task_2025-06-24_18-13-23,testing,square,z,TRUE,0.6934248750039842,TRUE,52,male,-0.3661123724144958
test_8_Categorization_Task_2025-06-24_18-13-23,testing,square,z,FALSE,0.24171570799080655,TRUE,52,male,-1.419993003765871
test_8_Categorization_Task_2025-06-24_18-13-23,testing,square,z,TRUE,0.4238942910160404,FALSE,52,male,-0.8582711684754057
test_8_Categorization_Task_2025-06-24_18-13-23,testing,square,z,TRUE,0.426659374992596,FALSE,52,male,-0.8517693007437204
test_8_Categorization_Task_2025-06-24_18-13-23,testing,circle,m,TRUE,0.5275264160009101,FALSE,52,male,-0.6395563371589192
test_8_Categorization_Task_2025-06-24_18-13-23,testing,circle,m,TRUE,0.5202754169877153,TRUE,52,male,-0.6533969595673883
test_8_Categorization_Task_2025-06-24_18-13-23,testing,circle,m,TRUE,0.3614700420002918,FALSE,52,male,-1.0175761121858267
test_8_Categorization_Task_2025-06-24_18-13-23,testing,square,z,TRUE,0.4337245420028921,TRUE,52,male,-0.8353456422322786
test_8_Categorization_Task_2025-06-24_18-13-23,testing,square,z,TRUE,0.4062954160035588,TRUE,52,male,-0.900674758347059
test_8_Categorization_Task_2025-06-24_18-13-23,testing,circle,m,TRUE,0.3727349579858128,TRUE,52,male,-0.9868876803143498
test_8_Categorization_Task_2025-06-24_18-13-23,testing,circle,m,TRUE,0.6230772910057567,FALSE,52,male,-0.4730847052802517
test_8_Categorization_Task_2025-06-24_18-13-23,testing,square,z,TRUE,0.46123995797825046,FALSE,52,male,-0.773836855185265
test_8_Categorization_Task_2025-06-24_18-13-23,testing,square,z,TRUE,0.3562734159932006,FALSE,52,male,-1.0320568204556186
test_8_Categorization_Task_2025-06-24_18-13-23,testing,square,z,TRUE,0.5890672919922508,TRUE,52,male,-0.5292148539917382
test_8_Categorization_Task_2025-06-24_18-13-23,testing,square,z,TRUE,0.35815029198420234,FALSE,52,male,-1.0268025706652666
test_8_Categorization_Task_2025-06-24_18-13-23,testing,circle,m,TRUE,0.4058845000108704,FALSE,52,male,-0.9016866425851392
test_8_Categorization_Task_2025-06-24_18-13-23,testing,circle,m,FALSE,0.36854966601822525,TRUE,52,male,-0.9981797975520382
test_8_Categorization_Task_2025-06-24_18-13-23,testing,square,z,TRUE,0.43381754198344424,FALSE,52,male,-0.8351312434552624
test_8_Categorization_Task_2025-06-24_18-13-23,testing,circle,m,TRUE,0.8278215830214322,FALSE,52,male,-0.1889576272586228
test_8_Categorization_Task_2025-06-24_18-13-23,testing,circle,m,TRUE,0.6841757499787491,FALSE,52,male,-0.3795404499507731
test_8_Categorization_Task_2025-06-24_18-13-23,testing,circle,m,TRUE,0.3063522090087645,FALSE,52,male,-1.1830198291011533
test_8_Categorization_Task_2025-06-24_18-13-23,testing,circle,m,TRUE,0.5713241249904968,TRUE,52,male,-0.5597985859085848
test_8_Categorization_Task_2025-06-24_18-13-23,testing,circle,m,TRUE,0.33916412500548176,FALSE,52,male,-1.081271144202907
test_8_Categorization_Task_2025-06-24_18-13-23,testing,circle,m,TRUE,0.8197210420039482,TRUE,52,male,-0.19879118928060624
test_8_Categorization_Task_2025-06-24_18-13-23,testing,circle,m,TRUE,0.3064340419950895,FALSE,52,male,-1.1827527441700623
test_8_Categorization_Task_2025-06-24_18-13-23,testing,circle,m,TRUE,0.29265245801070705,FALSE,52,male,-1.2287695241320264
test_8_Categorization_Task_2025-06-24_18-13-23,testing,circle,m,TRUE,0.38308904197765514,FALSE,52,male,-0.959487831240731
test_8_Categorization_Task_2025-06-24_18-13-23,testing,circle,m,TRUE,0.30427587500889786,FALSE,52,male,-1.1898205055082973
test_8_Categorization_Task_2025-06-24_18-13-23,testing,square,z,TRUE,0.4328895000217017,FALSE,52,male,-0.8372727798024829
test_8_Categorization_Task_2025-06-24_18-13-23,testing,circle,m,TRUE,1.1057803330186289,TRUE,52,male,0.10055126946658183
test_8_Categorization_Task_2025-06-24_18-13-23,testing,square,z,TRUE,0.8145071670005564,FALSE,52,male,-0.2051720517147157
test_8_Categorization_Task_2025-06-24_18-13-23,testing,circle,m,TRUE,0.30756499999552034,FALSE,52,male,-1.1790688319743594
test_8_Categorization_Task_2025-06-24_18-13-23,testing,square,z,TRUE,0.35356754102394916,FALSE,52,male,-1.0396807481788861
test_8_Categorization_Task_2025-06-24_18-13-23,testing,circle,m,TRUE,0.3296459999983199,FALSE,52,male,-1.1097359275831453
test_8_Categorization_Task_2025-06-24_18-13-23,testing,square,z,TRUE,0.8284626670065336,FALSE,52,male,-0.18818350407643877
test_8_Categorization_Task_2025-06-24_18-13-23,testing,circle,m,TRUE,0.2294545840122737,TRUE,52,male,-1.4720501600786056
test_8_Categorization_Task_2025-06-24_18-13-23,testing,square,z,TRUE,0.3690788749954663,TRUE,52,male,-0.9967449044083602
test_8_Categorization_Task_2025-06-24_18-13-23,testing,circle,m,TRUE,0.719166499999119,FALSE,52,male,-0.32966237644362595
test_8_Categorization_Task_2025-06-24_18-13-23,testing,circle,m,TRUE,1.2680708749976477,FALSE,52,male,0.23749674956151579
test_8_Categorization_Task_2025-06-24_18-13-23,testing,square,z,TRUE,0.39838045797660016,FALSE,52,male,-0.9203478057383003
test_8_Categorization_Task_2025-06-24_18-13-23,testing,square,z,TRUE,0.3746417500078678,TRUE,52,male,-0.9817850429457881
test_8_Categorization_Task_2025-06-24_18-13-23,testing,square,z,TRUE,0.7306653340056073,FALSE,52,male,-0.3137997434814392
test_8_Categorization_Task_2025-06-24_18-13-23,testing,circle,m,TRUE,0.45584337497712113,FALSE,52,male,-0.785606004396484
test_8_Categorization_Task_2025-06-24_18-13-23,testing,circle,m,TRUE,0.3865487500152085,FALSE,52,male,-0.9504972869158539
test_8_Categorization_Task_2025-06-24_18-13-23,testing,circle,m,TRUE,0.8409564169996884,TRUE,52,male,-0.17321544318237314
test_8_Categorization_Task_2025-06-24_18-13-23,testing,square,z,TRUE,0.5536574159923475,TRUE,52,male,-0.5912091661975785
test_8_Categorization_Task_2025-06-24_18-13-23,testing,circle,m,TRUE,0.3483347919827793,FALSE,52,male,-1.054591215749732
test_8_Categorization_Task_2025-06-24_18-13-23,testing,circle,m,TRUE,0.8105138749815524,FALSE,52,male,-0.21008681891338893
test_8_Categorization_Task_2025-06-24_18-13-23,testing,circle,m,TRUE,0.6716881249740254,TRUE,52,male,-0.39796114592763815
test_8_Categorization_Task_2025-06-24_18-13-23,testing,square,z,TRUE,0.3589162499993108,TRUE,52,male,-1.0246662046194799
test_8_Categorization_Task_2025-06-24_18-13-23,testing,square,z,TRUE,0.4042805420176592,FALSE,52,male,-0.9056462310779019
test_8_Categorization_Task_2025-06-24_18-13-23,testing,square,z,TRUE,0.6754389579873532,FALSE,52,male,-0.3923924913388994
test_8_Categorization_Task_2025-06-24_18-13-23,testing,circle,m,TRUE,0.32367137499386445,FALSE,52,male,-1.1280265526247741
test_8_Categorization_Task_2025-06-24_18-13-23,testing,circle,m,TRUE,1.182550625002477,FALSE,52,male,0.16767365230896852
test_8_Categorization_Task_2025-06-24_18-13-23,testing,square,z,TRUE,0.29888649997883476,TRUE,52,male,-1.2076913763902817
test_8_Categorization_Task_2025-06-24_18-13-23,testing,circle,m,TRUE,0.35884375000023283,TRUE,52,male,-1.0248682220050254
test_8_Categorization_Task_2025-06-24_18-13-23,testing,circle,m,TRUE,0.847068249975564,FALSE,52,male,-0.16597400909280768
test_8_Categorization_Task_2025-06-24_18-13-23,testing,circle,m,TRUE,0.4133442919992376,TRUE,52,male,-0.8834743965012436
test_8_Categorization_Task_2025-06-24_18-13-23,testing,square,z,TRUE,0.7980875840003137,TRUE,52,male,-0.22553693316854231
test_8_Categorization_Task_2025-06-24_18-13-23,testing,circle,m,TRUE,0.4407744579948485,FALSE,52,male,-0.8192219674800736
test_8_Categorization_Task_2025-06-24_18-13-23,testing,square,z,TRUE,0.4834559159935452,TRUE,52,male,-0.7267951450945737
test_8_Categorization_Task_2025-06-24_18-13-23,testing,circle,m,TRUE,0.391241125005763,TRUE,52,male,-0.9384312210763934
test_8_Categorization_Task_2025-06-24_18-13-23,testing,square,z,TRUE,0.365769291005563,FALSE,52,male,-1.0057524967802178
test_8_Categorization_Task_2025-06-24_18-13-23,testing,circle,m,TRUE,0.31371345798834227,TRUE,52,male,-1.1592752638821857
test_8_Categorization_Task_2025-06-24_18-13-23,testing,square,z,TRUE,0.33093416699557565,FALSE,52,male,-1.1058358146385996
